C0000789	['PM', 'PEP', 'PM', 'ET', 'PM', 'PM', 'PM', 'PM']
C0000872	['SY', 'FN', 'ET', 'PT', 'MH', 'PN', 'PT', 'PTGB', 'ET', 'ET', 'ET', 'ET', 'SY', 'FN', 'PT', 'SY', 'ET', 'ET', 'ET', 'ET', 'PT', 'SY', 'ET', 'SY', 'ET']
C0001572	['PEP', 'PM', 'PM', 'PM']
C0001573	['PM', 'PM', 'MH', 'PM', 'PM', 'PM', 'ET', 'PM', 'ET', 'PM', 'PM', 'PM']
C0002424	['SY', 'MH', 'PN', 'SY', 'PM', 'PT', 'PT', 'SY', 'FN', 'PT', 'SY', 'SY', 'SY', 'SY', 'PM', 'SY', 'SY', 'PM', 'PM', 'PM', 'SY', 'ET', 'PT', 'SY', 'ET', 'LA', 'PT']
C0002426	['ET', 'ET', 'ET', 'PM', 'PM', 'PEP', 'FN', 'PM', 'PT', 'PT', 'PM', 'SY', 'SYGB']
C0002458	['SY', 'MH', 'PT', 'PM', 'SY', 'PM', 'PM', 'PM', 'PM']
C0002907	['PTGB', 'SY', 'ET', 'PT', 'MH', 'PM', 'PM', 'FN', 'PT', 'PM', 'PM', 'PM', 'PM', 'ET', 'PM']
C0003193	['PM', 'PM', 'PEP', 'PM', 'PM']
C0003746	['ET', 'MH']
C0005770	['PM', 'PM', 'HS', 'HC', 'LPDN', 'LPN', 'PM', 'PT', 'PT', 'PT', 'PT', 'MH', 'PN', 'PT', 'SY', 'PT']
C0005864	['PEP', 'PT', 'PM', 'PM', 'PM']
C0005865	['PEP', 'PT', 'PM', 'SY', 'PM', 'PM']
C0006418	['FN', 'LA', 'PM', 'PT', 'PT', 'PEP', 'SY', 'PTGB', 'SY', 'SY', 'SY', 'PM', 'PM', 'SY', 'FN', 'PT']
C0006425	['PM', 'PT', 'MH', 'SY', 'FN', 'PT', 'SY', 'SY', 'PM', 'PM']
C0006460	['PM', 'PM', 'PEP', 'ET', 'PM', 'PM', 'PM', 'PM']
C0006827	['MH', 'PM', 'PM', 'PM']
C0006828	['PM', 'PEP', 'PM', 'PM']
C0007151	['MH', 'PM', 'PM', 'PM']
C0007670	['ET', 'LA', 'SY', 'ET', 'ET', 'ET', 'ET', 'PT', 'ET', 'PN', 'ET', 'PT', 'MH', 'ET', 'ET', 'ET', 'ET']
C0007692	['PM', 'MH', 'ET', 'ET', 'ET', 'ET']
C0007951	['PM', 'PM', 'MH', 'PM', 'ET', 'PM', 'PM', 'PM', 'ET', 'ET', 'PM', 'PM']
C0008077	['PM', 'MH', 'PT', 'PT', 'PM', 'PM', 'PM', 'PM']
C0008968	['ET', 'PT', 'PM', 'PEP', 'PM', 'ET', 'PM']
C0009434	['MH', 'PN', 'ET']
C0009469	['SY', 'PM', 'PM', 'SY', 'PM', 'PM', 'PM', 'PT', 'SY', 'MH', 'PT', 'SY', 'LA', 'PM', 'PM', 'PM', 'ET']
C0009474	['ET', 'POS', 'MH', 'PT', 'SY', 'ET']
C0009478	['PEP', 'FN', 'PM', 'PT', 'PT', 'SY', 'PT', 'SY', 'PM', 'PM']
C0009589	['PEP']
C0010066	['SY', 'PM', 'PM', 'PM', 'PT', 'PT', 'MH', 'PT', 'SY', 'PT', 'PM', 'PM']
C0010089	['PEP', 'PM', 'PM', 'PM']
C0011212	['PM', 'SY', 'ET', 'PM', 'ET', 'ET', 'ET', 'ET', 'ET', 'ET', 'PT', 'SY', 'MH', 'SY', 'FN', 'PT', 'PM', 'ET', 'PM', 'ET', 'ET', 'ET']
C0011344	['PT', 'SY', 'ET', 'SY', 'ET', 'FN', 'ET', 'PT', 'PT', 'MH', 'PN', 'PT', 'SY']
C0011357	['SY', 'MH', 'PT', 'ET', 'ET', 'ET', 'ET']
C0011419	['MH', 'PM', 'ET', 'PT', 'PM', 'ET', 'PM']
C0013185	['PM', 'MH', 'PN', 'SY', 'SY', 'PM', 'ET', 'PM', 'SY', 'SY', 'ET', 'ET', 'ET', 'PM', 'PM', 'SY', 'PM', 'SY', 'ET', 'PT', 'PT']
C0013623	['PM', 'PM', 'MH', 'ET', 'ET', 'PM']
C0013966	['PEP', 'PM', 'PM', 'PM', 'PM', 'PM']
C0013970	['PM', 'PEP']
C0015394	['PM', 'PM', 'ET', 'PM', 'PT', 'PT', 'PT', 'MH', 'PT', 'PT']
C0015589	['PM', 'PM', 'PM', 'PEP']
C0016457	['PN', 'PT']
C0018257	['PM', 'POS', 'PT', 'SY', 'MH', 'PT', 'PT', 'PT', 'PM', 'PM']
C0018262	['ET', 'MH', 'PT', 'PM', 'SY', 'PM', 'PM']
C0018263	['ET', 'ET', 'PT', 'MH', 'ET', 'ET', 'ET']
C0018264	['MH', 'PM', 'PM', 'PM', 'ET', 'PM']
C0018518	['FN', 'ET', 'PM', 'PT', 'PT', 'MH', 'PT', 'PT', 'SY', 'PM', 'PM']
C0018690	['PM', 'PM', 'PM', 'PM', 'PM', 'MH', 'PM', 'ET']
C0018696	['PM', 'PT', 'PEP', 'SY', 'PM', 'SY', 'ET', 'SY', 'PM', 'PM', 'PM', 'PM']
C0018704	['SY', 'SY', 'SY', 'SY', 'SY', 'PM', 'SY', 'PM', 'SY', 'PN', 'PT', 'SY', 'SY', 'MH', 'PT', 'PT', 'PT', 'PM', 'PT', 'SY', 'FN', 'LA', 'PT', 'PT', 'LA', 'PT', 'PT', 'PT', 'SY', 'SY', 'SY', 'PT', 'SY', 'SY']
C0018720	['ET', 'PTGB', 'FN', 'ET', 'ET', 'PT', 'PT', 'SY', 'PT', 'ET', 'MH', 'PN', 'PT', 'PT', 'SY', 'ET', 'ET', 'ET', 'ET', 'PT', 'SY', 'SY', 'PT', 'PM', 'ET', 'ET', 'SYGB', 'SY']
C0018732	['ET', 'PM', 'MH', 'PM', 'ET', 'PM', 'ET']
C0018763	['PM', 'PM', 'PT', 'MH', 'PN', 'PT', 'PM', 'ET', 'PM', 'PM']
C0019007	['PM', 'MH', 'PM', 'ET', 'ET', 'PM', 'PM']
C0019859	['PM', 'PT', 'SY', 'PM', 'PEP', 'PN', 'PT', 'LA', 'PM', 'SY']
C0019870	['SY', 'SY', 'SY', 'PT', 'ET', 'PM', 'MH', 'PT', 'PM', 'ET', 'PM', 'ET', 'PT']
C0019947	['SY', 'FN', 'PT', 'FN', 'PN', 'PM', 'POS', 'PT', 'PT', 'PT', 'PT', 'MH']
C0019952	['PM', 'PEP', 'PM', 'PM', 'PM', 'PM', 'ET', 'PM']
C0019961	['SY', 'PM', 'SY', 'ET', 'SY', 'FN', 'PT', 'FN', 'PM', 'PT', 'MH', 'PT']
C0019967	['ET', 'SY', 'PEP', 'PT']
C0019968	['ET', 'ET', 'ET', 'PEP', 'PT', 'ET', 'ET']
C0019973	['PEP', 'ET']
C0019987	['ET', 'MH', 'ET', 'ET']
C0019988	['PM', 'PT', 'PT', 'SY', 'MH', 'SY', 'PM', 'PM']
C0019994	['SY', 'LA', 'LPDN', 'LPN', 'LS', 'PM', 'PT', 'PT', 'PT', 'PT', 'PT', 'PT', 'ET', 'MH', 'PN', 'PT', 'PT', 'SY', 'LA']
C0019995	['PM', 'ET', 'PM', 'PEP']
C0019996	['PM', 'SY', 'ET', 'PM', 'PM', 'SY', 'MH', 'ET', 'PM', 'SY', 'ET', 'PT']
C0019997	['PM', 'ET', 'PM', 'PEP']
C0019999	['FN', 'PM', 'PT', 'SY', 'PM', 'PT', 'PT', 'SY', 'FN', 'PT', 'SY', 'PM', 'PEP']
C0020000	['PT', 'PM', 'ET', 'PM', 'MH', 'NPT', 'PT']
C0020001	['PM', 'PM', 'ET', 'PM', 'PEP', 'PM', 'PM', 'PM', 'ET']
C0020003	['SY', 'FN', 'ET', 'PT', 'PT', 'PM', 'SY', 'SY', 'FN', 'PT', 'PT', 'SY', 'PM', 'MH']
C0020004	['ET', 'PM', 'PM', 'MH', 'PT']
C0020005	['SY', 'PM', 'PT', 'ET', 'PT', 'SY', 'PM', 'MH']
C0020006	['FN', 'PM', 'PT', 'ET', 'SY', 'FN', 'PT', 'PM', 'MH']
C0020007	['PM', 'PM', 'PM', 'MH']
C0020008	['PM', 'PT', 'PM', 'SY', 'LA', 'PM', 'MH']
C0020009	['PM', 'ET', 'PM', 'MH', 'PM', 'PM']
C0020010	['PM', 'MH', 'PM', 'ET', 'PT']
C0020012	['SY', 'PM', 'MH', 'PT', 'PM', 'PT', 'PT', 'ET', 'PN', 'PT', 'NPT', 'VS']
C0020013	['PM', 'ET', 'ET', 'MH', 'PM', 'ET']
C0020014	['PM', 'ET', 'PM', 'PEP']
C0020015	['PM', 'MH', 'PM', 'ET', 'PT']
C0020016	['PM', 'MH', 'PM', 'ET']
C0020017	['FN', 'PT', 'PT', 'SY', 'PT', 'SY', 'FN', 'PT', 'SY', 'SY', 'PM', 'SY', 'MH', 'PM', 'SY', 'ET', 'SY']
C0020020	['PM', 'ET', 'ET', 'MH', 'PT', 'ET', 'ET', 'PM', 'ET']
C0020021	['SY', 'FN', 'PT', 'SY', 'SY', 'SY', 'PM', 'PM', 'SY', 'ET', 'MH', 'PT', 'PM', 'SY', 'PM', 'PT', 'SY', 'ET', 'PM', 'PT', 'SY', 'ET', 'ET', 'SY', 'PM', 'ET', 'SY', 'FN', 'LA', 'PM', 'PN', 'PT', 'SY', 'ET', 'PT', 'PT', 'SY']
C0020022	['SY', 'PM', 'MH', 'PM', 'PT', 'ET', 'PT', 'SY']
C0020023	['SY', 'PM', 'MH', 'PM', 'SY', 'ET', 'PT', 'PT']
C0020024	['PM', 'ET', 'PM', 'PM', 'ET', 'MH', 'PM', 'ET']
C0020025	['SY', 'FN', 'PT', 'SY', 'PM', 'MH', 'PT', 'FN', 'ET', 'PN', 'PT', 'PM', 'PT']
C0020026	['SY', 'PM', 'SY', 'SY', 'MH', 'PM', 'PT', 'ET', 'ET', 'PT', 'SY']
C0020027	['SY', 'PM', 'SY', 'MH', 'PM', 'PT', 'PM', 'PN', 'PT', 'SY']
C0020028	['SY', 'MH', 'PT', 'ET', 'PT', 'SY']
C0020029	['PM', 'SY', 'ET', 'PT', 'PM', 'PM', 'PM', 'ET', 'ET', 'MH', 'PM', 'ET', 'PM', 'SY', 'ET']
C0020030	['SY', 'PM', 'SY', 'MH', 'SY', 'PM', 'SY', 'ET', 'PT', 'PT']
C0020031	['PM', 'PM', 'PM', 'ET', 'ET', 'MH', 'PM', 'PM', 'ET', 'ET', 'PM', 'ET', 'PM', 'PM', 'ET', 'PT']
C0021190	['ET', 'ET', 'PM', 'PM', 'PM', 'MH', 'PN', 'PM', 'ET', 'ET', 'ET', 'PM', 'PM', 'ET', 'ET', 'PM', 'PM']
C0021621	['SY', 'ET', 'PN', 'ET', 'PT', 'PT', 'ET', 'SY', 'ET', 'ET', 'MH', 'ET', 'ET', 'ET']
C0021678	['PM', 'MH', 'PM', 'PM']
C0021691	['ET', 'MH', 'ET', 'ET', 'ET', 'PT', 'ET']
C0021708	['SY', 'SY', 'SY', 'SY', 'PT', 'SY', 'SY', 'SY', 'FN', 'PT', 'SY', 'SY', 'SY', 'ET', 'ET', 'SY', 'SY', 'SY', 'FN', 'LA', 'PT', 'LPDN', 'LPN', 'LS', 'PM', 'PN', 'PT', 'PT', 'PT', 'PT', 'SY', 'MH', 'PT', 'SY', 'SY', 'PM']
C0021709	['SY', 'FN', 'PT', 'ET', 'PM', 'PM', 'PM', 'MH', 'ET', 'PM', 'FN', 'PT', 'ET', 'PT', 'SY', 'ET', 'SY', 'ET', 'PM', 'ET', 'SY', 'ET', 'ET', 'SY', 'SY', 'PT']
C0021710	['SY', 'SY', 'SY', 'FN', 'PT', 'ET', 'PM', 'MH', 'PTGB', 'SYGB', 'ET', 'PM', 'FN', 'ET', 'PN', 'PT', 'PT', 'PT', 'ET', 'SY', 'SYGB', 'SY']
C0021767	['PM', 'PM', 'PM', 'PM', 'MH', 'FN', 'PM', 'PT', 'PT', 'PT']
C0022051	['MH', 'ET']
C0022405	['ET', 'PT', 'ET', 'ET', 'MH', 'ET', 'ET']
C0022877	['LPN', 'SY', 'MH', 'PT', 'SY', 'FN', 'HT', 'CN', 'LA', 'LPDN', 'LPN', 'PM', 'PN', 'PT', 'PT', 'PT', 'PT', 'PT', 'PT', 'PT']
C0022878	['ET', 'PT', 'SY', 'FN', 'ET', 'PN', 'PT', 'PT', 'MH', 'PT', 'ET']
C0022879	['ET', 'PT', 'ET', 'PT', 'FN', 'PT', 'MH', 'ET']
C0023135	['ET', 'PM', 'MH', 'PM', 'ET', 'PM']
C0023337	['PM', 'PM', 'MH', 'PM']
C0023622	['ET', 'PT', 'ET', 'MH', 'ET']
C0023623	['SY', 'SY', 'PM', 'PM', 'PT', 'PEP']
C0023624	['ET', 'PT', 'SY', 'ET', 'PT', 'SY', 'MH', 'ET']
C0023625	['PM', 'PM', 'SY', 'ET', 'MH', 'SY', 'PM', 'ET', 'ET', 'PT', 'SY', 'ET', 'PT']
C0023626	['MH', 'PM', 'ET', 'PT', 'PM']
C0024927	['PM', 'PM', 'PM', 'PM', 'PM', 'PM', 'MH']
C0025103	['PM', 'PM', 'ET', 'ET', 'MH', 'PM', 'PM', 'PM']
C0025354	['PM', 'ET', 'PM', 'ET', 'PM', 'PT', 'MH', 'SY']
C0026331	['PM', 'PM', 'PM', 'PN', 'PT', 'PT', 'PT', 'MH', 'ET', 'FN', 'PT', 'POS', 'PT', 'VS', 'PT', 'PM', 'PM']
C0026738	['PM', 'PM', 'ET', 'MH', 'PM', 'ET', 'PM', 'ET']
C0026745	['PM', 'PM', 'ET', 'PM', 'ET', 'PT', 'PM', 'PEP', 'PM', 'PM', 'PM']
C0027447	['ET', 'ET', 'MH', 'ET', 'ET', 'ET']
C0027450	['SY', 'SY', 'ET', 'PT', 'CSY', 'ET', 'PT', 'MH', 'ET']
C0027454	['ET', 'MH', 'PT', 'ET', 'PN']
C0027456	['ET', 'ET', 'MH', 'ET', 'ET']
C0027460	['ET', 'PEP']
C0027463	['ET', 'ET', 'MH', 'ET', 'LPDN', 'LPN', 'ET']
C0027466	['SY', 'SY', 'SY', 'MH', 'PT', 'ET', 'PT', 'ET', 'ET']
C0027468	['SY', 'SY', 'SY', 'SY', 'SY', 'SY', 'MH', 'ET', 'PT', 'PT', 'PT', 'LA', 'PT', 'ET', 'PN']
C0027470	['SY', 'SY', 'SY', 'SY', 'SY', 'SY', 'MH', 'PN', 'ET', 'PT', 'PT', 'ET', 'SY', 'ET']
C0028583	['ET', 'ET', 'MH', 'ET']
C0028659	['PEP', 'PN', 'PT', 'SY', 'PT', 'PT']
C0028660	['ET', 'ET', 'PT', 'LA', 'PT', 'MH', 'ET']
C0028688	['SY', 'FN', 'PT', 'ET', 'PT', 'LA', 'SY', 'FN', 'LA', 'PM', 'PT', 'PT', 'PT', 'PT', 'PT', 'PT', 'SY', 'MH', 'PN', 'PT', 'PT', 'PT', 'SY']
C0028774	['ET', 'MH', 'ET']
C0028775	['PM', 'PM', 'FN', 'PEP', 'PT', 'PM']
C0028776	['PEP']
C0028801	['FN', 'PM', 'PT', 'ET', 'PM', 'PM', 'ET', 'ET', 'FN', 'PM', 'PT', 'MH', 'PT', 'PM', 'PM', 'ET', 'ET']
C0028809	['ET', 'MH', 'ET']
C0029064	['FN', 'ET', 'LA', 'PM', 'PN', 'PT', 'PT', 'PT', 'PT', 'MH', 'PT', 'SY', 'SY', 'SY', 'SY', 'SY', 'SY', 'SY', 'SYGB', 'SY', 'SY', 'SY', 'SYGB', 'SY', 'PM', 'PM']
C0029916	['ET', 'PM', 'PM', 'LA', 'PM', 'ET', 'PM', 'MH']
C0030260	['ET', 'SY', 'PT', 'MH']
C0030666	['ET', 'PM', 'ET', 'PM', 'MH', 'ET']
C0030769	['PM', 'ET', 'PM', 'PEP']
C0031322	['MH', 'SY', 'FN', 'PN', 'LA', 'POS', 'PT', 'PT', 'PT', 'PT', 'PT', 'PT']
C0031338	['SY', 'MH', 'PT', 'SY']
C0031341	['ET', 'PM', 'ET', 'PM', 'ET', 'ET', 'ET', 'PM', 'ET', 'PM', 'MH', 'PM', 'ET', 'ET', 'ET', 'PM', 'PM', 'PM']
C0031819	['ET', 'MH', 'ET']
C0031826	['ET', 'MH', 'ET', 'ET']
C0031834	['SY', 'LA', 'PT', 'SY', 'SY', 'SY', 'SY', 'PM', 'PM', 'SY', 'PM', 'PM', 'PM', 'PT', 'PT', 'SY', 'PM', 'SY', 'ET', 'LA', 'SY', 'PM', 'PM', 'SY', 'PM', 'PM', 'MH', 'PN']
C0032073	['PT', 'PEP', 'SY']
C0032340	['PM', 'SY', 'ET', 'PM', 'PM', 'PT', 'MH', 'PT', 'SY']
C0032956	['PT', 'PM', 'ET', 'PT', 'SY', 'PT', 'ET', 'SY', 'PT', 'MH', 'PN', 'SY']
C0033173	['SY', 'FN', 'PT', 'SY', 'PM', 'SY', 'MH', 'FN', 'PM', 'PT', 'ET', 'PT']
C0033279	['PM', 'PM', 'PM', 'MH', 'PT']
C0033286	['PM', 'ET', 'ET', 'PM', 'MH', 'ET']
C0033868	['PM', 'PM', 'ET', 'PM', 'MH', 'ET']
C0034126	['ET', 'PT', 'ET', 'MH', 'ET']
C0034600	['ET', 'ET', 'ET', 'PM', 'MH', 'ET']
C0034871	['SY', 'FN', 'PT', 'ET', 'ET', 'SY', 'SY', 'SY', 'PTGB', 'FN', 'PN', 'PT', 'LA', 'LPDN', 'LPN', 'LS', 'MH', 'PT', 'SY', 'ET', 'ET', 'PT', 'ET', 'ET', 'ET', 'ET', 'ET', 'PT']
C0034993	['SY', 'PM', 'ET', 'PM', 'PT', 'PT', 'SY', 'SY', 'MH', 'PT', 'PT', 'PT']
C0035047	['PM', 'MH', 'PM', 'ET']
C0035186	['SY', 'SY', 'PM', 'PM', 'ET', 'PT', 'PT', 'PT', 'SY', 'PT', 'SY', 'MH', 'LA', 'PM', 'SY']
C0035215	['PM', 'PM', 'PM', 'MH', 'ET', 'PM', 'PM']
C0035240	['ET', 'MH', 'ET']
C0035960	['PM', 'PM', 'SY', 'SY', 'PM', 'PM', 'FN', 'PEP', 'PT', 'PM', 'PTGB', 'POS', 'PT', 'SY']
C0036376	['ET', 'PT', 'SY', 'ET', 'PT', 'PT', 'ET', 'MH']
C0036377	['PM', 'ET', 'PT', 'PM', 'PM', 'PM', 'MH']
C0036378	['ET', 'PT', 'ET', 'SY', 'ET', 'MH']
C0036380	['PM', 'ET', 'PM', 'PT', 'ET', 'PT', 'SY', 'PM', 'ET', 'MH', 'PM', 'PM']
C0036381	['SY', 'PT', 'SY', 'ET', 'SY', 'ET', 'PT', 'SY', 'ET', 'MH']
C0036382	['SY', 'SY', 'PM', 'PM', 'PM', 'ET', 'PT', 'SY', 'PM', 'PT', 'MH']
C0036383	['ET', 'MH', 'ET', 'ET']
C0036603	['PM', 'PM', 'MH', 'PM', 'PM']
C0036951	['PM', 'MH', 'PT', 'PT', 'PM', 'PM']
C0037265	['SY', 'SY', 'PM', 'PM', 'ET', 'SY', 'FN', 'PM', 'PT', 'PT', 'PT', 'SY', 'SY', 'PM', 'ET', 'PM', 'PM', 'NPT', 'PT', 'ET', 'PM', 'SY', 'SY', 'MH', 'PT', 'FN', 'FN', 'ET', 'LA', 'LPDN', 'LPN', 'LS', 'PM', 'PN', 'POS', 'PT', 'PT', 'PT', 'PT', 'SY', 'SY']
C0037442	['ET', 'MH']
C0037782	['PM', 'PM', 'PM', 'MH']
C0037840	['PM', 'SY', 'PM', 'PM', 'SY', 'PT', 'PT', 'MH', 'PT', 'PT']
C0038192	['MH', 'ET']
C0038896	['ET', 'PM', 'ET', 'PM', 'MH', 'ET']
C0038942	['PM', 'MH']
C0040278	['PM', 'SY', 'PM', 'ET', 'PM', 'PT', 'SY', 'MH', 'PT', 'SY', 'DN', 'PT', 'SY', 'SY']
C0040786	['SY', 'PM', 'SY', 'PM', 'SY', 'FN', 'PT', 'FN', 'LA', 'PM', 'PT', 'PT', 'MH', 'PT', 'SY', 'PTGB']
C0040788	['PM', 'PEP', 'PM', 'PM']
C0041704	['ET', 'LPN', 'ET', 'LPDN', 'PT', 'MH']
C0041708	['PEP']
C0041709	['ET', 'PEP']
C0041711	['SY', 'ET', 'ET', 'PT', 'ET', 'SY', 'ET', 'SY', 'ET', 'MH', 'PN', 'PT', 'ET', 'SY']
C0041714	['SY', 'SY', 'SY', 'PT', 'PT', 'ET', 'ET', 'PT', 'PT', 'PT', 'SY', 'SY', 'MH', 'ET', 'ET', 'PT']
C0041718	['SY', 'ET', 'ET', 'PN', 'PT', 'MH', 'SY', 'ET', 'ET', 'ET', 'ET', 'ET', 'PT', 'ET']
C0041720	['ET', 'ET', 'PT', 'MH']
C0041729	['PEP']
C0041731	['ET', 'ET', 'ET', 'ET', 'MH', 'PN', 'ET']
C0041734	['SY', 'SY', 'SY', 'ET', 'ET', 'PT', 'SY', 'SY', 'SY', 'MH', 'PN', 'PT', 'ET', 'PT', 'SY', 'ET', 'SY', 'SY']
C0042078	['ET', 'PM', 'ET', 'PM', 'MH', 'ET']
C0042154	['PEP']
C0042430	['PT']
C0043030	['PT', 'SY', 'PM', 'SY', 'PM', 'PM', 'PEP']
C0043237	['ET', 'ET', 'ET', 'PT', 'PT', 'PT', 'MH', 'PN', 'PT', 'PT', 'PT', 'SY', 'SY']
C0079256	['SY', 'FN', 'PT', 'FN', 'PT', 'MH', 'PN', 'PTGB', 'ET']
C0079908	['PEP']
C0080192	['PEP']
C0080193	['PEP']
C0080268	['ET', 'SY', 'ET', 'LPDN', 'PT', 'LPN', 'ET', 'MH']
C0085118	['ET', 'PM', 'MH', 'ET', 'ET', 'PM']
C0085141	['SY', 'SY', 'SY', 'PM', 'SY', 'ET', 'ET', 'LA', 'PT', 'PT', 'SY', 'PM', 'ET', 'ET', 'MH', 'PN']
C0085142	['PM', 'PT', 'ET', 'SY', 'PM', 'POS', 'SY', 'MH', 'SY', 'PM', 'PM', 'PM', 'PM']
C0085904	['ET', 'PM', 'PM', 'PM', 'PM', 'ET', 'PM', 'PEP', 'PM', 'ET', 'FN', 'LA', 'PM', 'PT', 'PM', 'PTGB']
C0086185	['PM', 'PEP', 'PM', 'PM']
C0086186	['SY', 'SY', 'PEP', 'ET', 'ET', 'ET', 'ET', 'ET', 'ET', 'ET', 'ET', 'ET', 'ET', 'ET', 'ET', 'ET', 'PT', 'ET', 'ET']
C0086187	['PEP', 'PT', 'SY', 'PM']
C0086391	['PM', 'PM', 'PM', 'PM', 'PM', 'PEP']
C0086393	['ET', 'PEP', 'PN', 'ET']
C0086422	['PM', 'SY', 'PEP', 'PT', 'PM', 'PM']
C0086494	['PEP']
C0086690	['PM', 'PM', 'PM', 'PM', 'PM', 'PEP']
C0086849	['PM', 'PEP', 'PT']
C0086854	['PEP', 'ET']
C0087084	['SY', 'PM', 'PM', 'PT', 'SY', 'PM', 'SY', 'PM', 'PT', 'SY', 'PEP']
C0087172	['PM', 'PEP', 'PM', 'ET', 'PM', 'PM', 'FN', 'ET', 'PT', 'PT', 'ET', 'PN']
C0104468	['PN', 'SY', 'PT']
C0150767	['PN', 'LA', 'PT', 'PT', 'SY', 'SY', 'CN', 'LPDN', 'LPN', 'PT', 'PT']
C0165735	['PN']
C0178547	['PT', 'PT']
C0178740	['SY', 'PT', 'PT']
C0181887	['SY', 'PTGB', 'ET', 'FN', 'PT', 'ET', 'ET', 'ET', 'PT']
C0181889	['ET', 'ET', 'FN', 'PT', 'ET', 'ET', 'PT']
C0181890	['ET', 'ET', 'FN', 'PT', 'ET', 'PT', 'ET']
C0184591	['PT']
C0205754	['ET', 'PM', 'PT', 'PEP', 'PT', 'SY', 'SY', 'PM']
C0205986	['ET', 'ET', 'PEP']
C0205989	['ET', 'ET', 'PEP']
C0206258	['SY', 'PM', 'PM', 'PT', 'MH', 'SY']
C0206512	['ET', 'ET', 'ET', 'ET', 'ET', 'MH', 'ET', 'ET', 'ET', 'ET', 'ET', 'ET']
C0206600	['PEP']
C0206601	['ET', 'ET', 'ET', 'MH', 'PN', 'ET']
C0221502	['ET', 'PT', 'SY']
C0221807	['SY', 'FN', 'PT', 'FN', 'PT', 'PT', 'RT']
C0237500	['ET', 'PN', 'PT', 'SY']
C0237807	['SY', 'MP', 'MP', 'PT', 'PT', 'PT', 'SY', 'ET']
C0242638	['PM', 'ET', 'MH', 'PT', 'SY', 'SY', 'PN', 'SY', 'ET', 'PT']
C0242794	['SY', 'PEP', 'PT']
C0242795	['SY', 'PM', 'PM', 'PM', 'PM', 'MH', 'SY', 'PM', 'PT']
C0242811	['SY', 'PM', 'SY', 'PM', 'PM', 'PT', 'MH', 'PT']
C0242884	['PM', 'PEP', 'PM', 'PM', 'PM', 'PM']
C0242933	['PM', 'PM', 'PM', 'PEP', 'PM', 'PM']
C0242934	['FN', 'PEP', 'PT', 'PT', 'PM', 'SY', 'ET', 'PM', 'PM', 'PM']
C0242935	['PM', 'PM', 'PM', 'PEP', 'PM', 'PM']
C0242936	['PT', 'NPT', 'SY', 'PM', 'PM', 'SY', 'PM', 'PM', 'PM', 'SY', 'ET', 'SY', 'FN', 'PM', 'PT', 'PT', 'SY', 'MH', 'PN', 'PT', 'PT', 'PM', 'ET', 'PM', 'PM']
C0259944	['LA', 'PT']
C0259947	['PT']
C0259976	['PT', 'PT', 'SY']
C0260015	['PM', 'PEP', 'PM', 'PM', 'PM', 'PM', 'PM', 'ET', 'PT']
C0260123	['PT', 'PT', 'SY', 'SY']
C0260159	['PT']
C0282197	['PM', 'PM', 'PEP', 'PM', 'PM', 'PM', 'ET', 'PM', 'ET', 'SY', 'PM', 'PT', 'PM', 'ET']
C0282389	['SY', 'PM', 'PM', 'PM', 'PT', 'PEP']
C0282484	['PT', 'PM', 'ET', 'PN', 'PM', 'PEP', 'PM', 'PM']
C0282593	['PM', 'MH', 'PT']
C0282598	['PM', 'PM', 'PM', 'PEP', 'PM', 'PM']
C0282599	['SY', 'PEP', 'PT']
C0282622	['PM', 'PEP', 'PM', 'PM', 'PM', 'PM']
C0331760	['PT']
C0331761	['PT']
C0331763	['PN', 'PT', 'SY']
C0331769	['PT']
C0331771	['PT']
C0331772	['PT']
C0331774	['PN', 'PT', 'PT', 'PT', 'PT']
C0331775	['PT']
C0331778	['PN', 'PT', 'SY']
C0331779	['PT']
C0331782	['PT']
C0331784	['PT']
C0331787	['PT']
C0331790	['PT', 'SY']
C0331791	['PN']
C0331792	['PT', 'SY']
C0331793	['PT']
C0331797	['SY', 'SY', 'PT']
C0331799	['PT']
C0331800	['PT']
C0331804	['PT']
C0331805	['PT']
C0331809	['PN']
C0331812	['PT']
C0331813	['PN']
C0331815	['PT']
C0331818	['PT']
C0331820	['PT']
C0331821	['PT']
C0331822	['PT']
C0331828	['PT']
C0331835	['PT']
C0331836	['PT']
C0331842	['SY', 'PT', 'SY', 'SY', 'PT', 'PT', 'SY', 'SY', 'SY']
C0331843	['PT', 'PT', 'PT', 'SY']
C0331846	['PT']
C0331847	['PT']
C0331848	['PN', 'PT', 'SY']
C0331850	['PT', 'PT', 'PT', 'PT']
C0331851	['PT', 'SY']
C0331853	['PT']
C0331857	['PT', 'SY']
C0331858	['PN', 'PT']
C0331860	['PT']
C0331862	['PN', 'PT']
C0331869	['PT']
C0331872	['PT']
C0331873	['PN', 'PT']
C0331875	['PT']
C0331877	['PN']
C0331880	['BN', 'PT']
C0331881	['PN']
C0331883	['PT']
C0331885	['PT']
C0331888	['PT', 'PT', 'SY']
C0331889	['PT']
C0331892	['PT']
C0331893	['PT']
C0331895	['PT']
C0331897	['PT']
C0331898	['PT']
C0331900	['SY', 'PT']
C0331902	['PT']
C0331903	['PN', 'PT', 'SY']
C0331904	['PT']
C0331906	['PN', 'PT']
C0331908	['PN', 'PT', 'SY']
C0331909	['PT', 'SY']
C0331910	['PT']
C0331911	['PT']
C0331912	['SY', 'PT']
C0331920	['PT']
C0331922	['PT']
C0331925	['PT']
C0331928	['PT']
C0331931	['PT']
C0331933	['SY', 'SY', 'PT', 'PT', 'PT', 'PT', 'PT']
C0331935	['SY', 'PT']
C0331936	['PT', 'SY']
C0331937	['PT']
C0331945	['PT', 'SY']
C0331946	['PN', 'PT', 'SY']
C0331947	['PT', 'PT', 'PT', 'PT']
C0331949	['PN', 'PT', 'PT']
C0331950	['PT']
C0331953	['PT']
C0331955	['PT']
C0331965	['PN', 'PT']
C0331968	['PN', 'PT']
C0331969	['PT']
C0331973	['PT']
C0331976	['PT']
C0331980	['PT']
C0331988	['PT']
C0331991	['PT']
C0331993	['PN', 'PT', 'SY']
C0332001	['PT']
C0332014	['PT']
C0332020	['PT']
C0332024	['PN', 'PT']
C0332030	['PT']
C0332048	['PT']
C0332050	['PN']
C0332051	['PT']
C0332054	['PN']
C0332060	['PT']
C0332081	['SY', 'PT']
C0332083	['PN']
C0332098	['PN']
C0337952	['SY', 'FN', 'PT', 'FN', 'PT']
C0337953	['SY', 'FN', 'PT', 'FN', 'PT']
C0337954	['SY', 'FN', 'PT', 'FN', 'PT']
C0337955	['SY', 'FN', 'PT', 'FN', 'PT']
C0337956	['FN', 'PT']
C0337957	['FN', 'PT', 'PTGB']
C0337960	['SY', 'FN', 'PT', 'FN', 'PT']
C0337961	['SY', 'FN', 'PT', 'SY', 'PT', 'SY', 'FN', 'PT']
C0337962	['SY', 'FN', 'PT', 'SY', 'ET', 'SY', 'MH', 'NPT', 'PT', 'FN', 'LA', 'PN', 'PT', 'PT', 'PT', 'PM']
C0337963	['FN', 'PT', 'PTGB']
C0337964	['SY', 'FN', 'PT', 'FN', 'PT', 'PT', 'SY']
C0337965	['SY', 'FN', 'PT', 'FN', 'PT']
C0337966	['SY', 'FN', 'PT', 'FN', 'PM', 'PT', 'PEP', 'PM', 'PM']
C0337968	['SY', 'FN', 'PT', 'FN', 'PT']
C0337969	['SY', 'FN', 'PT', 'FN', 'PT']
C0337970	['SY', 'FN', 'PT', 'FN', 'PT']
C0337971	['SY', 'FN', 'PT', 'FN', 'PT']
C0337972	['SY', 'FN', 'PT', 'SY', 'FN', 'PT']
C0337973	['SY', 'FN', 'PT', 'SY', 'FN', 'PT']
C0337974	['SY', 'FN', 'PT', 'FN', 'PT', 'SY']
C0337975	['SY', 'FN', 'PT', 'FN', 'PT']
C0337976	['SY', 'FN', 'PT', 'FN', 'PT']
C0337977	['SY', 'FN', 'PT']
C0337978	['SY', 'FN', 'PT', 'FN', 'PT']
C0337979	['SY', 'FN', 'PT', 'FN', 'PT']
C0337980	['SY', 'FN', 'PT', 'FN', 'PT']
C0337981	['SY', 'FN', 'PT', 'FN', 'PT']
C0337982	['SY', 'FN', 'PT', 'PTGB', 'FN', 'PT']
C0337983	['SY', 'FN', 'PT', 'FN', 'PT']
C0337984	['SY', 'FN', 'PT', 'SY', 'FN', 'PT']
C0337985	['SY', 'FN', 'PT', 'PTGB', 'FN', 'PT']
C0337986	['SY', 'FN', 'PT', 'FN', 'PT']
C0337987	['SY', 'FN', 'PT', 'PTGB', 'FN', 'PT']
C0337988	['SY', 'FN', 'PT', 'FN', 'PT']
C0337989	['SY', 'FN', 'PT', 'FN', 'PT']
C0337990	['SY', 'FN', 'PT', 'PTGB', 'FN', 'PT']
C0337991	['SY', 'FN', 'PT', 'FN', 'PT']
C0337992	['SY', 'FN', 'PT', 'FN', 'PT']
C0337993	['SY', 'FN', 'PT', 'FN', 'PT', 'SY']
C0337994	['SY', 'FN', 'PT', 'FN', 'PT']
C0337995	['SY', 'FN', 'PT', 'FN', 'PT', 'SY']
C0337996	['SY', 'FN', 'PT', 'FN', 'PT', 'PTGB', 'SY']
C0337997	['SY', 'FN', 'PT', 'FN', 'PT']
C0337998	['FN', 'PT']
C0337999	['FN', 'PT']
C0338001	['FN', 'PT', 'PTGB']
C0338002	['FN', 'PT']
C0338003	['FN', 'PT']
C0338004	['FN', 'PT']
C0338005	['FN', 'PT']
C0338006	['SY', 'FN', 'PT']
C0338007	['SY', 'FN', 'PT']
C0338008	['FN', 'PT', 'SY']
C0338009	['FN', 'PT']
C0338010	['FN', 'PT']
C0338011	['SY', 'FN', 'PT']
C0338012	['FN', 'PT']
C0338013	['FN', 'PT']
C0338014	['FN', 'PT']
C0338015	['FN', 'PT']
C0338016	['PTGB', 'FN', 'PT']
C0338017	['FN', 'PT']
C0338018	['SY', 'FN', 'PT']
C0338019	['PTGB', 'FN', 'PT']
C0338020	['FN', 'PT']
C0338021	['PTGB', 'FN', 'PT']
C0338022	['SY', 'FN', 'PT']
C0338024	['PTGB', 'FN', 'PT']
C0338025	['FN', 'PT']
C0338026	['FN', 'PT']
C0338027	['FN', 'PT', 'SY']
C0338028	['FN', 'PT']
C0338029	['FN', 'PT', 'SY']
C0338030	['FN', 'PT', 'PTGB']
C0338031	['SY', 'FN', 'PT', 'FN', 'PT']
C0338032	['FN', 'PT']
C0338033	['FN', 'PT']
C0338034	['SY', 'SY', 'PT', 'PT', 'FN', 'PN', 'PT', 'PT', 'SY', 'SY']
C0338035	['FN', 'PT', 'PTGB', 'SY']
C0338037	['SY', 'SY', 'PT', 'SY', 'FN', 'PT']
C0338039	['SY', 'FN', 'PT']
C0338040	['SY', 'FN', 'PT']
C0338042	['SY', 'FN', 'FN', 'PT', 'PT']
C0338043	['SY', 'FN', 'FN', 'PT', 'PT']
C0338044	['SY', 'FN', 'FN', 'PT', 'PT']
C0338045	['SY', 'FN', 'FN', 'PT', 'PT']
C0338048	['SY', 'FN', 'PT']
C0338049	['SY', 'FN', 'PT']
C0338050	['FN', 'PT', 'PTGB']
C0338051	['FN', 'PT']
C0338052	['FN', 'PT']
C0338053	['FN', 'PT', 'SY']
C0392738	['PN']
C0392739	['PN']
C0392740	['SY', 'PN', 'PT', 'PT', 'PT', 'PT', 'SY', 'SY']
C0425204	['SY', 'FN', 'PT', 'FN', 'PT']
C0438942	['FN', 'PT']
C0442592	['FN', 'PT', 'LA', 'PN', 'PT', 'PT', 'PT', 'PT', 'PT', 'PT', 'SY']
C0442593	['FN', 'PT', 'SYGB', 'SY', 'SY']
C0454885	['FN', 'PT', 'SY']
C0454900	['FN', 'PT', 'SY']
C0454901	['FN', 'PT', 'SY']
C0470690	['PN']
C0470764	['PT']
C0470927	['PT']
C0470941	['PT']
C0471011	['PT']
C0471023	['PN']
C0471068	['PN', 'PT']
C0471146	['PN', 'PT']
C0471618	['PT']
C0475309	['SY', 'SY', 'SY', 'SY', 'SYGB', 'FN', 'LA', 'PT', 'PT', 'PT', 'SY', 'PTGB', 'SY', 'SY']
C0525051	['PM', 'ET', 'SY', 'PM', 'PEP', 'PT', 'PM', 'PM', 'PM', 'ET']
C0555967	['FN', 'PT']
C0555968	['FN', 'PT', 'SY']
C0557632	['FN', 'PT']
C0557633	['FN', 'PT']
C0557640	['SY', 'FN', 'PT', 'FN', 'PT']
C0557819	['FN', 'PT', 'SY', 'FN', 'PT']
C0557820	['FN', 'PT']
C0557821	['SY', 'FN', 'PT']
C0557824	['SY', 'FN', 'PT', 'SY', 'SY', 'FN', 'PT', 'SY']
C0557829	['SY', 'FN', 'PT', 'PT']
C0557847	['FN', 'PT', 'SY', 'FN', 'PT']
C0557850	['SY', 'FN', 'PT', 'SY', 'FN', 'LA', 'PT', 'PT', 'PT', 'LA']
C0557853	['SY', 'FN', 'PT', 'FN', 'PT']
C0558600	['SY', 'FN', 'PT', 'PT']
C0558684	['FN', 'PT', 'PTGB']
C0559954	['FN', 'PT']
C0562508	['SY', 'FN', 'ET', 'PN', 'PT', 'SY', 'SY', 'SY', 'PM', 'PM', 'SY', 'SY', 'PM', 'LA', 'LPDN', 'LPN', 'LS', 'PM', 'PT', 'SY', 'ET', 'ET', 'PT', 'PM', 'ET', 'LA', 'PT', 'PT', 'PT', 'PT', 'SY', 'PM', 'SY', 'SY', 'MH', 'PM', 'PM', 'ET', 'ET', 'PM', 'SY', 'PM', 'SY', 'FN', 'PT', 'ET', 'PM', 'PM', 'ET', 'PM', 'PM', 'PT', 'PM', 'PM', 'PM', 'PM', 'PM', 'ET', 'PM', 'PM', 'PM', 'PM', 'PM', 'PM']
C0562708	['PTGB', 'PT', 'FN', 'SY']
C0565990	['FN', 'SY', 'PN', 'PT', 'PT', 'SY', 'PTGB', 'SY']
C0565997	['FN', 'PT']
C0581047	['SY', 'SY', 'FN', 'PT', 'PT']
C0581048	['FN', 'PT']
C0581049	['PTGB', 'FN', 'PT']
C0581050	['FN', 'PT']
C0581051	['FN', 'PT']
C0587437	['PM', 'SY', 'PM', 'PM', 'PM', 'PM', 'PM', 'SY', 'FN', 'PT', 'PM', 'PM', 'PM', 'PM', 'PM', 'PM', 'PM', 'PM', 'PM', 'PT', 'SY', 'MH', 'SYGB', 'ET', 'PM', 'ET', 'SY', 'PM', 'SYGB', 'FN', 'ET', 'PT', 'PM']
C0587438	['FN', 'ET', 'PT', 'PT', 'PT', 'SY', 'SY', 'FN', 'PT', 'SY']
C0587439	['SY', 'FN', 'PT', 'FN', 'PT']
C0587440	['SY', 'FN', 'PT', 'FN', 'PT']
C0587441	['FN', 'PT', 'FN', 'PT']
C0587442	['FN', 'PT']
C0587443	['FN', 'PT']
C0587444	['FN', 'PT']
C0587445	['FN', 'PT', 'SY', 'SY', 'FN', 'PT']
C0587446	['FN', 'PT', 'PT', 'SY', 'SY', 'FN', 'PT']
C0587447	['SY', 'FN', 'PT', 'FN', 'PT', 'SY']
C0587448	['SY', 'FN', 'PT', 'FN', 'PT', 'SY']
C0587449	['SY', 'FN', 'PT', 'FN', 'PT', 'SY']
C0587450	['SY', 'FN', 'PN', 'PT', 'PT']
C0587451	['FN', 'PN', 'PT']
C0587452	['FN', 'PT', 'PT']
C0587453	['FN', 'PN', 'PT', 'PT', 'SY']
C0587454	['FN', 'PN', 'PT']
C0587455	['FN', 'PT']
C0587456	['FN', 'PT']
C0587457	['FN', 'PN', 'PT']
C0587458	['FN', 'PN', 'PT']
C0587459	['FN', 'PN', 'PT']
C0587460	['FN', 'PN', 'PT']
C0587461	['FN', 'PN', 'PT']
C0587462	['FN', 'PT']
C0587463	['FN', 'PN', 'PT']
C0587464	['FN', 'PN', 'PT']
C0587465	['FN', 'PT']
C0587466	['FN', 'PN', 'PT']
C0587467	['FN', 'PN', 'PT']
C0587468	['FN', 'PN', 'PT']
C0587469	['FN', 'PN', 'PT']
C0587470	['FN', 'PN', 'PT', 'SY', 'SY', 'SY']
C0587471	['FN', 'PN', 'PT', 'SY']
C0587472	['FN', 'PT']
C0587473	['FN', 'PT']
C0587474	['FN', 'PN', 'PT']
C0587475	['FN', 'PN', 'PT']
C0587476	['FN', 'PN', 'PT']
C0587477	['FN', 'PT']
C0587478	['FN', 'PT']
C0587479	['FN', 'PN', 'PT']
C0587480	['PTGB', 'FN', 'PT']
C0587481	['PTGB', 'FN', 'PT']
C0587482	['SY', 'PTGB', 'FN', 'PT', 'PT']
C0587483	['SY', 'FN', 'PT']
C0587484	['PTGB', 'FN', 'PT']
C0587485	['PTGB', 'FN', 'PT']
C0587486	['FN', 'PT']
C0587487	['SY', 'FN', 'PT', 'PT']
C0587488	['FN', 'PN', 'PT']
C0587489	['FN', 'PT', 'SY']
C0587490	['FN', 'PT']
C0587491	['PTGB', 'FN', 'PT']
C0587492	['FN', 'PT']
C0587493	['FN', 'PT']
C0587494	['FN', 'PT']
C0587495	['FN', 'PT']
C0587496	['FN', 'PT']
C0587497	['SY', 'SY', 'FN', 'PT']
C0587498	['FN', 'PT']
C0587499	['FN', 'PT']
C0587500	['SY', 'FN', 'PT', 'PT', 'PT', 'PT']
C0587501	['FN', 'PT']
C0587502	['FN', 'LA', 'PT', 'PT', 'SY']
C0587503	['FN', 'PT']
C0587504	['FN', 'PT']
C0587505	['FN', 'PT']
C0587506	['FN', 'PT']
C0587507	['FN', 'PT']
C0587508	['FN', 'PT']
C0587509	['FN', 'PT']
C0587510	['SY', 'FN', 'PT']
C0587511	['FN', 'PT']
C0587512	['PTGB', 'FN', 'PT']
C0587513	['FN', 'PT']
C0587514	['FN', 'PT', 'SY', 'SY']
C0587515	['FN', 'PT']
C0587516	['FN', 'PT']
C0587517	['FN', 'PT']
C0587518	['FN', 'PT']
C0587519	['FN', 'PT']
C0587520	['FN', 'PT']
C0587521	['FN', 'PT']
C0587522	['FN', 'PT']
C0587523	['FN', 'PT']
C0587524	['FN', 'PT']
C0587525	['PTGB', 'FN', 'PT']
C0587526	['FN', 'PT']
C0587527	['PTGB', 'FN', 'PT']
C0587528	['FN', 'PT']
C0587529	['FN', 'PT']
C0587530	['FN', 'PT']
C0587531	['SY', 'FN', 'PT', 'PT']
C0587532	['FN', 'PT']
C0587533	['FN', 'PT']
C0587536	['SY', 'FN', 'PT', 'SY']
C0587537	['PTGB', 'FN', 'PT']
C0587538	['FN', 'PT', 'PT', 'SY']
C0587539	['FN', 'PT']
C0587540	['FN', 'PT']
C0587541	['FN', 'PT']
C0587542	['FN', 'PT']
C0587543	['PTGB', 'FN', 'PT']
C0587544	['FN', 'PT']
C0587545	['FN', 'PT']
C0587546	['FN', 'PT']
C0587547	['FN', 'PT']
C0587548	['FN', 'PT']
C0587550	['PTGB', 'FN', 'PT']
C0587551	['FN', 'PT']
C0587552	['FN', 'PT']
C0587553	['PTGB', 'FN', 'PT']
C0587554	['FN', 'PT']
C0587555	['FN', 'PT']
C0587556	['FN', 'PT']
C0587557	['SY', 'FN', 'PT']
C0587558	['FN', 'PT']
C0587559	['FN', 'PT']
C0587560	['FN', 'PT']
C0587561	['FN', 'PT']
C0587562	['FN', 'PT', 'PTGB']
C0587563	['FN', 'PT']
C0587564	['FN', 'PT']
C0587565	['FN', 'PT']
C0587566	['FN', 'PT', 'SY']
C0587567	['FN', 'PT', 'SY']
C0587568	['PTGB', 'SYGB', 'FN', 'PT', 'SY']
C0587577	['FN', 'PN', 'PT']
C0587578	['FN', 'PN', 'PT']
C0587579	['FN', 'PN', 'PT']
C0587581	['FN', 'PN', 'PT']
C0587590	['FN', 'PN', 'PT']
C0587594	['PTGB', 'FN', 'PT']
C0587595	['PTGB', 'FN', 'PT', 'FN', 'PT']
C0587596	['FN', 'PT']
C0587598	['FN', 'PT']
C0587600	['PTGB', 'FN', 'PT']
C0587601	['PTGB', 'FN', 'PT']
C0587602	['PTGB', 'FN', 'PT']
C0587603	['FN', 'PT', 'FN', 'PT']
C0587604	['FN', 'PT']
C0587605	['FN', 'PN', 'PT', 'PT']
C0587609	['SY', 'FN', 'PT']
C0587611	['FN', 'PT']
C0587612	['FN', 'PT']
C0587613	['FN', 'PT']
C0587614	['FN', 'PT']
C0587615	['FN', 'PT']
C0587616	['FN', 'PT']
C0587617	['FN', 'PT']
C0587618	['FN', 'PT']
C0587619	['SY', 'FN', 'PN', 'PT']
C0587620	['SY', 'SY', 'FN', 'PT']
C0587621	['SY', 'SY', 'FN', 'PT']
C0587622	['FN', 'PT']
C0587623	['SY', 'FN', 'PT']
C0587624	['SY', 'FN', 'PT']
C0587625	['FN', 'PT']
C0587626	['SY', 'FN', 'PT']
C0587627	['FN', 'PT', 'SY']
C0587628	['SY', 'FN', 'PT']
C0587631	['SY', 'FN', 'PT']
C0587632	['FN', 'PT']
C0587633	['FN', 'PT']
C0587634	['FN', 'PT']
C0587635	['SY', 'FN', 'PT']
C0587636	['SY', 'FN', 'PT']
C0587637	['FN', 'PT']
C0587638	['FN', 'PT']
C0587639	['FN', 'PT']
C0587640	['FN', 'PT']
C0587641	['FN', 'PT']
C0587642	['FN', 'PT']
C0587643	['FN', 'PT']
C0587644	['FN', 'PT']
C0587645	['FN', 'PT']
C0587646	['FN', 'PT']
C0587647	['FN', 'PT']
C0587648	['FN', 'PT']
C0587649	['FN', 'PT']
C0587650	['FN', 'PT']
C0587651	['FN', 'PT']
C0587652	['SY', 'SY', 'FN', 'PT']
C0587653	['FN', 'PT']
C0587654	['FN', 'PT', 'PT', 'SY']
C0587655	['FN', 'PT']
C0587657	['FN', 'PT']
C0587659	['FN', 'PT', 'SYGB', 'SY']
C0587661	['FN', 'PT']
C0587662	['FN', 'PT']
C0587663	['FN', 'PT', 'SY']
C0587664	['FN', 'FN', 'PT']
C0587665	['FN', 'PT', 'SY']
C0587666	['FN', 'PT', 'SY']
C0587667	['SY', 'FN', 'PT', 'PT']
C0587669	['FN', 'PT']
C0587670	['FN', 'PT']
C0587671	['FN', 'PT']
C0587672	['FN', 'PT']
C0587673	['FN', 'PT']
C0587674	['FN', 'PT']
C0587675	['FN', 'PN', 'PT']
C0587676	['FN', 'PT']
C0587677	['PTGB', 'FN', 'PT']
C0587678	['FN', 'PT']
C0587679	['FN', 'PT', 'SY', 'FN', 'PT']
C0587680	['FN', 'PT']
C0587681	['FN', 'PT', 'SY']
C0587682	['FN', 'PT', 'SY']
C0587683	['FN', 'PT', 'SY']
C0587684	['FN', 'PT']
C0587685	['FN', 'PT']
C0587686	['FN', 'PT']
C0587687	['FN', 'PT']
C0587688	['FN', 'PT']
C0587689	['FN', 'PT', 'PT', 'SY']
C0587690	['PTGB', 'FN', 'PT']
C0587691	['FN', 'PT']
C0587692	['PTGB', 'FN', 'PT']
C0587693	['FN', 'PT']
C0587694	['FN', 'PT']
C0587696	['FN', 'PT', 'PT']
C0587697	['FN', 'PT']
C0587698	['FN', 'PT']
C0587725	['FN', 'PT', 'SY']
C0587727	['PTGB', 'FN', 'PT']
C0587728	['SY', 'FN', 'PT']
C0587730	['SY', 'FN', 'PT', 'FN', 'PT']
C0587906	['SY', 'PT', 'SY', 'SY', 'SY', 'FN', 'PT', 'PT', 'LA']
C0587907	['SY', 'SY', 'FN', 'PT', 'PT']
C0587975	['FN', 'PN', 'PT']
C0596183	['PT']
C0596243	['PT']
C0596628	['PT']
C0596656	['PT']
C0596660	['PT']
C0596782	['PT']
C0596789	['PT']
C0596896	['SY', 'SY', 'PT', 'PT']
C0597886	['ET']
C0598048	['ET']
C0598561	['ET']
C0598858	['SY', 'SY', 'ET', 'PT']
C0598859	['ET']
C0599829	['ET']
C0600581	['PEP']
C0600586	['PM', 'PM', 'PM', 'PM', 'MH']
C0600622	['PM', 'PM', 'PM', 'PT', 'PEP', 'SY']
C0600623	['SY', 'PM', 'SY', 'PM', 'PM', 'SY', 'MH', 'PT', 'PM', 'FN', 'PM', 'PT', 'ET', 'ET', 'PM', 'ET', 'PM', 'PM']
C0677508	['SY', 'PN', 'PT', 'SY', 'SY']
C0679900	['SY', 'SY', 'PT']
C0683534	['PT', 'PN', 'SY']
C0687685	['SY', 'PN', 'PT']
C0740183	['FN', 'PT', 'PT', 'SY']
C0745280	['FN', 'PT', 'PT']
C0815184	['PN', 'PT', 'PT', 'SY', 'PT']
C0815266	['SY', 'SY', 'SY', 'PT', 'PT', 'SY']
C0856538	['LLT']
C0868949	['PT', 'SY']
C0870106	['SY', 'PN', 'PT', 'PT', 'PT']
C0870166	['SY', 'ET', 'PT']
C0870269	['ET']
C0870622	['ET']
C0870626	['ET']
C0870667	['ET', 'NPT', 'PT', 'PN', 'PT']
C0871023	['ET', 'LA']
C0871167	['SY', 'SY', 'PT', 'PT', 'PT']
C0871286	['SY', 'PT', 'PT']
C0871869	['SY', 'PN', 'PT', 'PT']
C0871965	['PT']
C0872103	['SY', 'SY', 'MH', 'PT', 'FN', 'ET', 'LA', 'PM', 'POS', 'PT', 'PT', 'SY', 'SY', 'PM', 'PM', 'PT', 'SY']
C0920537	['ET']
C0920538	['ET']
C0920545	['ET', 'PT', 'SY']
C0920564	['ET']
C0920650	['ET']
C0920707	['ET']
C0949111	['PT']
C0994196	['PT']
C1136037	['PEP']
C1144868	['MP', 'MP']
C1145339	['PT']
C1258357	['PEP', 'PT', 'PT', 'PT']
C1266869	['FN', 'PT']
C1266870	['FN', 'PT']
C1273531	['FN', 'PT']
C1273803	['PN']
C1273810	['PT']
C1273815	['FN', 'PT']
C1273817	['SY', 'FN', 'SY', 'PT']
C1273829	['FN', 'PT']
C1274026	['FN', 'PT']
C1274027	['FN', 'PT', 'PT', 'SY']
C1274028	['FN', 'PT']
C1274112	['FN', 'PT', 'PTGB']
C1298694	['FN', 'PN', 'PT']
C1301688	['FN', 'PT']
C1301759	['FN', 'PT']
C1301855	['FN', 'PT']
C1305702	['FN', 'PN', 'PT', 'PT', 'PT', 'PT', 'PT', 'SY']
C1306375	['FN', 'PT']
C1319404	['FN', 'PT']
C1321138	['FN', 'PT', 'PTGB']
C1321139	['SY', 'SY', 'FN', 'PT', 'PT', 'PTGB', 'SY', 'SYGB', 'SY', 'SYGB']
C1321279	['SY', 'FN', 'PT', 'FN', 'PT']
C1328811	['ET']
C1328964	['ET']
C1331064	['PT']
C1331065	['ET']
C1331066	['ET']
C1331067	['ET']
C1331068	['ET']
C1331069	['ET']
C1331070	['ET']
C1331071	['ET']
C1331072	['ET']
C1331073	['ET']
C1331074	['ET']
C1331075	['ET']
C1331076	['ET']
C1331077	['ET']
C1331078	['ET']
C1331079	['ET']
C1331080	['ET']
C1446369	['FN', 'PT']
C1510463	['PM', 'PM', 'PM', 'PM', 'SY', 'ET', 'SY', 'SYGB', 'PEP', 'PN', 'ET', 'SY', 'PM', 'SY', 'ET', 'PT', 'ET', 'ET', 'PM', 'ET', 'ET']
C1510740	['SY', 'PT']
C1510840	['PT']
C1510858	['PT']
C1510892	['PT']
C1510896	['PT']
C1510897	['PT']
C1511044	['PT', 'SY', 'SY', 'SY']
C1511046	['PT']
C1511140	['PT']
C1511166	['SY', 'PT']
C1511168	['PT']
C1511169	['PT']
C1511233	['PT', 'PN', 'SY']
C1511234	['PN', 'PT']
C1511441	['PT']
C1511511	['SY', 'PT']
C1511521	['PT']
C1511564	['PN', 'PT']
C1511611	['PT']
C1511686	['PT']
C1511696	['PT', 'SY']
C1511697	['PT']
C1511715	['PT']
C1511716	['SY', 'PT']
C1511727	['PT']
C1511957	['PT']
C1511974	['PT']
C1511999	['PT']
C1512000	['PN', 'PT']
C1512001	['PT']
C1512002	['PT']
C1512003	['PN', 'PT']
C1512004	['PN', 'PT', 'SY']
C1512005	['PT']
C1512006	['PN', 'PT']
C1512089	['PT', 'SY']
C1512161	['PT', 'SY', 'SY']
C1512162	['LPDN', 'LPN', 'PN', 'PT', 'LA', 'LPN', 'LPDN']
C1512192	['PT']
C1512193	['PT']
C1512288	['PN', 'PT']
C1512327	['SY', 'SY', 'PT', 'SY']
C1512415	['SY', 'PT']
C1512473	['PT']
C1512476	['PT']
C1512480	['SY', 'PT']
C1512518	['PN', 'SY', 'PT']
C1512627	['PT']
C1512647	['PT']
C1512659	['PT']
C1512688	['PT']
C1512702	['SY', 'PT']
C1512889	['PT']
C1512890	['PT']
C1512893	['PT']
C1512895	['PT']
C1512896	['PN', 'PT']
C1512961	['SY', 'PT']
C1513002	['PT']
C1513004	['SY', 'PT']
C1513038	['PT']
C1513039	['PT', 'SY']
C1513045	['PT']
C1513120	['PT']
C1513265	['PT']
C1513383	['PT']
C1513389	['PT']
C1513394	['PT']
C1513460	['SY', 'PT']
C1513673	['PT']
C1513737	['PT']
C1513817	['SY', 'SY', 'PT']
C1513844	['PT']
C1513845	['PT']
C1513877	['PT']
C1513878	['PT']
C1513879	['PT']
C1513881	['PT']
C1513882	['MH', 'ET', 'PN', 'PT', 'PT', 'ET', 'SY', 'LA', 'PT']
C1513885	['PT']
C1513887	['PN', 'PT', 'SY']
C1513888	['PT', 'PT', 'MH', 'ET', 'ET', 'PT', 'ET']
C1513889	['PT']
C1513890	['PT']
C1513891	['PT']
C1513892	['PT']
C1513893	['PT']
C1513895	['PT', 'MH', 'ET', 'ET']
C1513896	['ET', 'MH', 'PN', 'ET', 'PT', 'ET']
C1513897	['MH', 'ET', 'PT', 'SY', 'ET', 'ET']
C1513898	['MH', 'ET', 'PT', 'ET']
C1513899	['PN', 'SY', 'MH', 'ET', 'PT', 'ET']
C1513900	['MH', 'ET', 'PT', 'ET', 'SY']
C1513901	['MH', 'ET', 'PT', 'ET', 'SY']
C1513905	['PN', 'PT', 'LA']
C1513906	['PT']
C1514291	['PT']
C1514403	['PT']
C1514480	['PT']
C1514571	['PT']
C1514573	['PT']
C1514599	['PN', 'PT']
C1514601	['PT']
C1514603	['PT']
C1514607	['SY', 'PT']
C1514695	['PT', 'LA']
C1514702	['PT']
C1514755	['SY', 'SY', 'SY', 'SY', 'PT']
C1514958	['SY', 'PN', 'PT']
C1515092	['PN', 'PT']
C1515096	['PT']
C1515098	['PT']
C1515218	['PT']
C1515236	['PT']
C1515349	['PT']
C1515350	['SY', 'SY', 'SY', 'PT']
C1515351	['SY', 'PT', 'SY']
C1515352	['PT', 'SY']
C1515353	['SY', 'SY', 'PT']
C1515354	['SY', 'PT']
C1515355	['PT']
C1515356	['SY', 'PT']
C1515357	['PT', 'SY']
C1515656	['PT']
C1515937	['PT']
C1515947	['PT']
C1515950	['PN', 'PT', 'SY']
C1515957	['PT']
C1516052	['PT']
C1516053	['PT']
C1516149	['PT']
C1516168	['PT', 'SY']
C1516178	['SY', 'PT']
C1516179	['SY', 'SY', 'PN', 'PT', 'SY']
C1516180	['SY', 'PT']
C1516181	['SY', 'SY', 'PT', 'SY']
C1516186	['PT']
C1516199	['PN', 'PT']
C1516207	['SY', 'PT', 'SY']
C1516208	['PT']
C1516210	['PT', 'SY']
C1516214	['PT']
C1516215	['PT']
C1516222	['SY', 'SY', 'PT']
C1516224	['PT']
C1516226	['PT']
C1516234	['PT']
C1516235	['PT']
C1516238	['LA', 'PT', 'SY']
C1516380	['SY', 'SY', 'PT']
C1516476	['LA', 'LA', 'PT']
C1516477	['PN', 'PT', 'PT']
C1516513	['PT']
C1516587	['PT']
C1516604	['PT']
C1516612	['PT']
C1516629	['PT']
C1516650	['PT']
C1516655	['PT']
C1516683	['PT']
C1516705	['PT']
C1516734	['PN', 'PT']
C1516764	['SY', 'PT']
C1516765	['PT', 'SY']
C1516766	['PT']
C1516767	['SY', 'PT']
C1516773	['PT']
C1516918	['PT']
C1516985	['PT']
C1517012	['PT']
C1517014	['PT']
C1517062	['PT']
C1517129	['PT']
C1517158	['PT']
C1517213	['PT']
C1517269	['PT']
C1517306	['PT']
C1517309	['SY', 'PT']
C1517310	['PT']
C1517497	['PT']
C1517501	['PT']
C1517521	['PT']
C1517522	['PT']
C1517551	['PT']
C1517597	['SY', 'PT', 'PN', 'SY']
C1517601	['PT']
C1517620	['PT', 'SY']
C1517622	['SY', 'PT', 'SY']
C1517651	['SY', 'SY', 'PT', 'SY']
C1517675	['SY', 'SY', 'PT']
C1517703	['PT']
C1517704	['SY', 'PT']
C1517705	['PT']
C1517707	['PT', 'SY']
C1517708	['PT']
C1517712	['PT']
C1518148	['PT']
C1518258	['PT']
C1518269	['PT']
C1518318	['PT']
C1518417	['SY', 'SY', 'PT']
C1518418	['PT']
C1518419	['PT']
C1518436	['PT']
C1518446	['PT']
C1518467	['PT']
C1518502	['PT']
C1518547	['PT']
C1518548	['PT']
C1518550	['PT']
C1518552	['PT']
C1518557	['PT']
C1518558	['PT']
C1518562	['SY', 'SY', 'PT']
C1518569	['PT']
C1518570	['PT']
C1518599	['PT']
C1518611	['PT']
C1518612	['SY', 'PT']
C1518648	['PT']
C1518651	['PT']
C1518655	['PT']
C1518656	['PT']
C1518772	['PT']
C1518923	['PT']
C1518924	['PT']
C1518932	['LA', 'PN', 'PT']
C1519028	['PT']
C1519037	['PT']
C1519105	['SY', 'SY', 'PT']
C1519110	['PT', 'SY', 'SY']
C1519168	['PT', 'PT', 'SY']
C1519179	['SY', 'SY', 'SY', 'PT', 'SY', 'SY', 'PN', 'SY']
C1519219	['PT']
C1519297	['PT']
C1519298	['SY', 'SY', 'PT']
C1519360	['PT']
C1519380	['PT']
C1519394	['PT']
C1519429	['PT', 'LA', 'PN']
C1519441	['SY', 'SY', 'PT', 'SY']
C1519518	['PT']
C1519526	['SY', 'PT']
C1519569	['PT']
C1519597	['PT', 'SY']
C1519607	['PT']
C1519608	['PT']
C1519617	['PT']
C1519621	['PT']
C1519744	['PT']
C1519797	['SY', 'PT']
C1519798	['PT', 'SY']
C1519799	['PT']
C1519800	['PT', 'SY']
C1519801	['PT', 'SY', 'SY', 'SY']
C1519802	['PT', 'SY']
C1519803	['PT']
C1519804	['SY', 'PT', 'SY', 'SY', 'SY']
C1519805	['SY', 'SY', 'PT']
C1519806	['PT', 'SY']
C1519807	['PT', 'SY']
C1519972	['PT']
C1520126	['PT']
C1520163	['PT']
C1520209	['PT']
C1532776	['SY', 'FN', 'PT', 'PT', 'SYGB', 'FN', 'SY', 'SYGB', 'SY']
C1532777	['SY', 'FN', 'PT', 'PT', 'SYGB', 'FN', 'SY', 'SYGB', 'SY']
C1545982	['LPDN', 'LPN', 'LS', 'PN', 'LPDN', 'LPN', 'LS']
C1546530	['PT']
C1546531	['PN', 'PT']
C1546532	['FN', 'PT', 'PT']
C1546860	['PT', 'PT', 'PT']
C1546861	['PT', 'PT']
C1546862	['PT', 'PT', 'PT']
C1546868	['PT', 'PT', 'PT']
C1546869	['PT', 'PT']
C1546871	['PT', 'PT', 'PT']
C1546872	['PT', 'PT', 'PT']
C1546874	['PT', 'PT', 'PT']
C1546876	['PT', 'PT', 'PT']
C1546877	['PT', 'PT', 'PT']
C1546878	['PT', 'PT']
C1546879	['PT', 'PT']
C1546881	['PT', 'PT', 'PT']
C1546883	['PT', 'PT', 'PT']
C1546885	['PT', 'PT', 'PT']
C1546886	['PT', 'PT']
C1546887	['PT', 'PT', 'PT']
C1546888	['PT', 'PT']
C1546892	['PT']
C1546893	['PT', 'PT', 'PT']
C1546896	['PT', 'PT']
C1546906	['PN', 'PT']
C1547182	['PT', 'PN']
C1547193	['PT']
C1547194	['PT', 'PN']
C1547195	['PT', 'PN']
C1547635	['HTN']
C1550360	['HTN']
C1550511	['PN', 'PT']
C1550683	['LA', 'PN', 'PT']
C1550685	['PN', 'PT']
C1550688	['NPT', 'PT', 'PN', 'PT']
C1551245	['PT', 'PN']
C1551246	['PT', 'PN']
C1551248	['PT', 'PN']
C1551249	['PT', 'PN']
C1551251	['PT', 'PT', 'PT', 'SY', 'SY']
C1551254	['PT', 'PN']
C1551256	['PT', 'PN']
C1551257	['PT', 'PN']
C1551259	['PT', 'PN']
C1551261	['PT', 'PN']
C1551262	['PT', 'PN']
C1551263	['PT', 'PN']
C1551265	['PT', 'PN']
C1551266	['PT', 'PN']
C1551270	['PT', 'PN']
C1551271	['PT', 'PN']
C1551272	['PT', 'PN']
C1551274	['PT']
C1551275	['PT', 'PN']
C1551276	['PT', 'PN']
C1551278	['PT', 'PN']
C1551279	['PT', 'PN']
C1551282	['PT', 'PN']
C1551283	['PT', 'PN']
C1551284	['PT', 'PN']
C1551285	['PT', 'PM', 'PM', 'PM', 'PM', 'PM', 'PM', 'PM', 'PM', 'LPDN', 'LPN', 'LS', 'PM', 'PT', 'PT', 'PEP', 'FN', 'PM', 'PT', 'PN', 'ET']
C1551286	['PT', 'PN']
C1551287	['PT', 'PN']
C1551288	['PT', 'PN']
C1551289	['PN']
C1551301	['PN', 'PT']
C1551303	['PN', 'PT']
C1551304	['PN', 'PT']
C1551306	['PN', 'PT']
C1551308	['PN', 'PT']
C1551309	['PN']
C1551310	['LPDN', 'LPN', 'LS', 'PN', 'POS', 'PT']
C1551311	['PN', 'PT']
C1551312	['PN', 'POS', 'PT']
C1551313	['PT', 'PN']
C1551314	['PN', 'PT']
C1551315	['PT', 'PN']
C1551317	['PN', 'PT']
C1551318	['PT', 'PN']
C1551319	['PN', 'PT']
C1551320	['PT', 'PN']
C1551321	['PN', 'PT']
C1551324	['PN', 'PT']
C1551326	['PN', 'PT']
C1551327	['PN', 'PT']
C1551329	['PN', 'PT']
C1551330	['PN', 'PT']
C1552408	['PN', 'PT']
C1552409	['PT', 'PN']
C1552413	['PN', 'PT']
C1552416	['PT', 'PN']
C1552417	['PN', 'PT']
C1552418	['PN', 'PT']
C1552420	['PT', 'PN']
C1552421	['PT', 'PN']
C1552423	['PT', 'PN']
C1552424	['PT', 'NPT', 'PN', 'PT']
C1552427	['PT', 'PN']
C1552429	['PT', 'PN']
C1552433	['PT', 'PN']
C1552436	['PT', 'PN']
C1552437	['PT', 'PN']
C1552438	['PT', 'NPT', 'PN', 'PT']
C1552440	['PT', 'NPT', 'PN', 'FN', 'PT', 'PT']
C1552441	['PT', 'PN']
C1552443	['PT', 'NPT', 'PN', 'FN', 'PT', 'PT']
C1552448	['PT', 'PN']
C1552452	['PT', 'PN']
C1552453	['PT', 'PN', 'PT', 'NPT']
C1552456	['PT', 'PN']
C1552457	['PT', 'PN']
C1552465	['PN', 'PT']
C1552466	['NPT', 'PN', 'PT', 'PT']
C1552467	['PN', 'PT']
C1552468	['PN', 'PT']
C1552469	['PT', 'PN']
C1552470	['PN']
C1552471	['PT', 'PN']
C1552472	['PT', 'PN']
C1552473	['PT', 'PN']
C1552476	['PT']
C1552479	['PN', 'PT']
C1552486	['PN', 'PT']
C1552489	['PN', 'PT', 'NPT', 'PT']
C1552491	['PN', 'PT']
C1552498	['PT']
C1552500	['PT']
C1552508	['PN', 'PT']
C1552509	['PN', 'PT']
C1552514	['PN', 'PT']
C1552515	['PN', 'PT']
C1552522	['PN', 'PT']
C1552523	['PN', 'PT']
C1552524	['PT', 'PN']
C1552525	['PT', 'PN']
C1552526	['PT', 'PN']
C1552527	['PT', 'PN']
C1552528	['PT', 'PN']
C1552529	['PT', 'PN']
C1552530	['PT']
C1552531	['PT', 'PN']
C1552532	['PT', 'PN']
C1552533	['PT', 'PN']
C1552534	['PT', 'PN']
C1552535	['PN', 'PT']
C1552536	['PN', 'PT']
C1552537	['PN', 'PT']
C1552538	['PN', 'PT']
C1552539	['PT', 'PN']
C1552540	['PT', 'PN']
C1552541	['PN', 'PT']
C1552542	['PT']
C1552543	['PT', 'PN']
C1552544	['PT', 'PN']
C1552545	['PT', 'PN']
C1552546	['PN', 'PT']
C1552547	['PN', 'PT']
C1552548	['PN', 'PT']
C1552549	['PN', 'PT']
C1552747	['PN', 'PT']
C1552748	['PN', 'PT']
C1552749	['PN', 'PT']
C1552750	['PN', 'PT']
C1552751	['PN', 'PT']
C1552754	['PN', 'PT']
C1552755	['PN', 'PT']
C1552756	['PN', 'PT']
C1552757	['PN', 'PT']
C1552758	['PN', 'PT']
C1552759	['PT']
C1552761	['PN', 'PT']
C1552762	['PN', 'PT']
C1552764	['PN', 'PT']
C1552771	['PN', 'PT']
C1552772	['PN', 'PT']
C1552775	['PN', 'PT']
C1552781	['PT']
C1552783	['PN', 'PT']
C1552784	['PN', 'PT']
C1552787	['PN', 'PT']
C1552789	['PN', 'PT']
C1552790	['PN', 'PT']
C1552791	['PN', 'PT']
C1552794	['PN', 'PT']
C1552800	['PN', 'PT']
C1552806	['PN', 'PT']
C1552809	['PT']
C1552811	['PN', 'PT']
C1552812	['FN', 'PN', 'PT', 'PT']
C1552813	['PN', 'PT']
C1552814	['PN', 'PT']
C1552815	['PN', 'PT']
C1552881	['PT', 'PT', 'PT']
C1552882	['PT', 'PT', 'PT']
C1552884	['PT', 'PT', 'PT', 'PT']
C1552885	['PT', 'PT', 'PT']
C1552887	['PT', 'PT', 'PT', 'PT', 'PT', 'PT']
C1552888	['PT', 'PT', 'PT']
C1552890	['PT', 'PT', 'PT']
C1552891	['PT', 'PT', 'PT']
C1552892	['PT', 'PT', 'PT']
C1552895	['PT', 'PT']
C1552896	['PT', 'PT', 'PT']
C1552897	['PT', 'PT', 'PT']
C1552898	['PT']
C1552899	['PT', 'PT', 'PT']
C1552900	['PT', 'PT']
C1552901	['PT', 'PT', 'PT']
C1552902	['PT', 'PT', 'PT']
C1552903	['PT', 'PT', 'PN', 'PT']
C1552904	['PT', 'PT', 'PT']
C1554095	['PT', 'PN']
C1555591	['PN', 'PT']
C1555596	['PN', 'PT']
C1555653	['PN', 'PT']
C1556029	['PN', 'PT']
C1561550	['LPDN', 'LPN']
C1562642	['FN', 'PT', 'PTGB']
C1610162	['PT', 'NPT', 'PN', 'PT']
C1627345	['SY', 'SY', 'SY', 'FN', 'PT', 'PT', 'PT', 'SY', 'SY', 'SY', 'SY', 'SY', 'FN', 'PT']
C1628316	['PTGB', 'FN', 'PT']
C1629858	['FN', 'LA', 'PN', 'PT', 'PT', 'PT']
C1631606	['FN', 'PT']
C1636661	['FN', 'PT']
C1657135	['CN', 'LPDN', 'LPN', 'PN']
C1688588	['FN', 'PT']
C1690590	['SY', 'FN', 'PT', 'FN', 'PT']
C1704659	['PN', 'PT', 'SY', 'SY']
C1705420	['SY', 'SY', 'PN', 'PT']
C1706444	['PN', 'PT', 'SY']
C1706786	['POS', 'PT', 'PT', 'SY']
C1706973	['PT', 'PT']
C1707246	['PT']
C1707294	['PT']
C1707295	['PT', 'PT', 'SY', 'SY', 'SY']
C1707373	['PT', 'PT']
C1707679	['PT']
C1707735	['PT', 'PT']
C1707823	['PT', 'PT']
C1707904	['PT']
C1707958	['PT', 'PT']
C1708098	['PT', 'PT']
C1708333	['PT', 'SY']
C1708467	['PT']
C1708542	['SY', 'PT']
C1708636	['PT', 'PT']
C1708733	['LPDN', 'LPN', 'LS', 'PT', 'PN', 'PT', 'PT']
C1708834	['SY', 'PT', 'PT', 'SY']
C1708944	['PT', 'PT']
C1709055	['PT', 'PT']
C1709364	['PT', 'PT']
C1709365	['PT', 'PT']
C1709626	['PT']
C1709628	['SY', 'PT']
C1709762	['PT', 'PT']
C1709763	['PT', 'PT', 'PT']
C1710188	['PT', 'PT']
C1710490	['PT', 'PT']
C1710589	['PT', 'PT']
C1710659	['PT', 'PT']
C1717557	['CN', 'LPDN', 'LPN']
C1718195	['CN', 'LPDN', 'LPN', 'PN', 'PT']
C1736660	['MP', 'MP']
C1830357	['CN', 'LPDN', 'LPN']
C1882036	['PT']
C1882265	['PT']
C1955969	['MH', 'ET', 'PT', 'ET']
C1955970	['MH', 'ET', 'PT', 'ET']
C1955973	['ET', 'ET', 'MH', 'ET', 'PT', 'ET']
C1955974	['MH', 'PN', 'ET', 'PT', 'ET']
C1955975	['MH', 'ET', 'PT', 'ET']
C1955976	['MH', 'ET', 'PT', 'ET']
C1955977	['MH', 'ET', 'PT', 'ET']
C1955978	['MH', 'ET', 'PT', 'ET']
C1955979	['MH', 'ET', 'PT', 'ET']
C1955981	['MH', 'LA', 'PT']
C1959926	['FN', 'PT', 'SY', 'FN', 'PT']
C1960106	['FN', 'PT', 'SY']
C1976596	['CN', 'LPDN', 'LPN', 'MTH_CN', 'PN']
C2077962	['SY', 'FN', 'PN', 'PT']
C2183225	['PN', 'FN', 'PT', 'SY']
C2183241	['FN', 'PT', 'SY']
C2224195	['FN', 'PT']
C2317050	['FN', 'PT']
C2346505	['MH', 'PM', 'PM', 'PM', 'ET', 'PN', 'PT', 'PM', 'PM', 'PM', 'PM', 'PM', 'SY']
C2347449	['SY', 'PN', 'PT', 'SY', 'SY', 'SY', 'SY']
C2347584	['PT']
C2347712	['SY', 'PN', 'PT']
C2347788	['PN', 'PT', 'SY', 'SY', 'SY']
C2347790	['PN', 'PT', 'SY', 'SY', 'PT']
C2347839	['PT']
C2350232	['PM', 'PEP', 'ET', 'PM', 'ET', 'PM', 'PM', 'PM', 'PM', 'PM', 'PM', 'PM']
C2350580	['PM', 'MH', 'PM', 'PM']
C2350581	['PM', 'PM', 'PM', 'PEP']
C2350582	['PM', 'PEP']
C2350584	['MH', 'ET', 'PT', 'ET', 'SY']
C2350647	['PM', 'PM', 'PM', 'PM', 'PM', 'PM', 'PM', 'PM', 'PM', 'PEP', 'ET', 'ET']
C2358413	['CN', 'LPDN', 'LPN']
C2358414	['CN', 'LPDN', 'LPN']
C2361265	['CN', 'LPDN', 'LPN', 'PN']
C2362545	['PM', 'PM', 'LA', 'PEP', 'PN', 'PM']
C2362761	['LA', 'LPDN', 'LPN', 'LS', 'PN', 'POS']
C2585313	['SY', 'FN', 'PT', 'FN', 'FN', 'PT', 'PT']
C2600038	['LPN', 'LPDN']
C2600039	['PT', 'LPN', 'LPDN', 'PT']
C2607850	['PN', 'VS']
C2711258	['FN', 'PT']
C2711407	['FN', 'PT']
C2711413	['FN', 'PT']
C2711449	['FN', 'PT']
C2711734	['SY', 'FN', 'PT', 'FN', 'PT']
C2718032	['PT', 'ET', 'ET', 'MH', 'PT', 'PT', 'SY', 'PM']
C2732322	['SY', 'FN', 'PT', 'FN', 'PT']
C2732797	['FN', 'PT', 'PTGB']
C2735036	['CN', 'LPDN', 'LPN', 'PN']
C2735038	['CN', 'LPDN', 'LPN', 'PN']
C2735044	['CN', 'LPDN', 'LPN']
C2825537	['PT', 'PT']
C2825564	['PT', 'PT']
C2826098	['PT']
C2826174	['PT']
C2826326	['PN', 'PT', 'AD']
C2826328	['PN', 'PT']
C2826329	['PN', 'PT']
C2826331	['PN', 'PT']
C2826332	['PT', 'SY']
C2826334	['PT']
C2826336	['PT']
C2826337	['PT']
C2826338	['PT']
C2826339	['PT']
C2826340	['PT']
C2826341	['PT']
C2826342	['PN', 'PT']
C2826343	['PT']
C2826361	['PN', 'PT']
C2919257	['FN', 'PT']
C2919321	['FN', 'PT']
C2919777	['FN', 'PT']
C2919778	['FN', 'PT']
C2936638	['PM', 'PM', 'MH', 'PM', 'PM', 'PM']
C2936639	['PM', 'PM', 'PM', 'PM', 'MH', 'PM', 'PM']
C2936717	['PM', 'ET', 'PM', 'SY', 'PEP', 'PT']
C2983134	['PT', 'SY', 'LPN', 'PT', 'SY', 'LPDN']
C2985501	['PT', 'PT']
C2985607	['PT', 'PT', 'PT']
C2985617	['PT', 'PT']
C2985688	['PT', 'PT']
C3164410	['SY', 'SYGB', 'FN', 'PT']
C3164440	['FN', 'PT', 'SY', 'FN', 'PT']
C3173837	['CN', 'LPDN', 'LPN']
C3179030	['ET', 'MH', 'PM', 'PM', 'PM', 'PM']
C3242019	['PT']
C3242020	['PT']
C3242021	['PT']
C3242085	['PT']
C3242086	['PT']
C3242128	['PT']
C3242131	['PT']
C3242132	['PT']
C3242133	['PT']
C3242143	['PT']
C3242144	['PT']
C3242736	['PT']
C3242738	['PT']
C3242739	['PT']
C3242746	['PT']
C3242765	['PT']
C3242766	['PT']
C3242767	['LA', 'PT']
C3242768	['HTN', 'PT']
C3242769	['PT']
C3242770	['PT', 'PN', 'PT']
C3242771	['PT']
C3242773	['PT']
C3242777	['PT']
C3242778	['PT']
C3242779	['PT']
C3242780	['PT']
C3242781	['PT']
C3242782	['PT']
C3242783	['PT']
C3242784	['PT']
C3242856	['VS']
C3242859	['VS']
C3242861	['VS']
C3242878	['VS']
C3242879	['VS']
C3242880	['VS']
C3242881	['VS']
C3242882	['VS']
C3242883	['VS']
C3242884	['VS']
C3242885	['VS']
C3242886	['VS']
C3242887	['VS']
C3242888	['VS']
C3242889	['VS']
C3242890	['VS']
C3242891	['VS']
C3242892	['VS']
C3242970	['VS']
C3243585	['VS']
C3243589	['VS']
C3244110	['PT']
C3244111	['PT']
C3244278	['PT', 'NPT', 'FN', 'PN', 'PT', 'PT']
C3258821	['LPDN', 'LPN', 'LS', 'POS']
C3275045	['PT', 'PT']
C3275046	['LA', 'PT', 'PT']
C3275047	['PT', 'PT']
C3275048	['PT', 'PT']
C3275049	['PT', 'PT']
C3275087	['PT', 'PT']
C3275088	['PT', 'PT']
C3275110	['PT', 'PT']
C3475479	['CN', 'LPDN', 'LPN']
C3476078	['CN', 'ET', 'LPDN', 'LPN']
C3476513	['CN', 'LPDN', 'LPN']
C3476543	['CN', 'LPDN', 'LPN']
C3481454	['LPDN', 'LPN', 'LS']
C3494217	['PM', 'PM', 'MH', 'PM', 'PM', 'ET']
C3494218	['PM', 'PM', 'ET', 'PM', 'PM', 'MH']
C3494897	['FN', 'PT', 'SY']
C3494898	['FN', 'PT']
C3496094	['PN', 'PT']
C3496095	['PN', 'PT']
C3496100	['PT', 'PN']
C3496101	['PN', 'PT']
C3496102	['PN', 'PT']
C3496103	['PN', 'PT']
C3496104	['PN', 'PT']
C3496105	['PT', 'PN']
C3496112	['PN', 'PT']
C3496399	['PN', 'PT']
C3496400	['PN', 'PT']
C3496634	['PT', 'PN']
C3530196	['PT']
C3530198	['PT']
C3530200	['PT']
C3530202	['PT']
C3530205	['PT']
C3530206	['PT']
C3530207	['PT']
C3530208	['PT']
C3530209	['PT']
C3530215	['PT']
C3530216	['PT']
C3530220	['PT']
C3530221	['PT']
C3530222	['PT']
C3530223	['PT']
C3530224	['PT']
C3530225	['PT']
C3530226	['PT']
C3530227	['PT']
C3530228	['PT']
C3530229	['PT']
C3530230	['PT']
C3530231	['PT']
C3530232	['PT']
C3530233	['PT']
C3530234	['PT']
C3530235	['PT']
C3530236	['PT']
C3530237	['PT']
C3530238	['PT', 'LA']
C3530245	['PT']
C3530246	['PT']
C3530247	['PT']
C3530248	['PT']
C3530249	['PT']
C3530250	['PT']
C3530251	['PT']
C3530253	['PT']
C3530254	['PT']
C3530257	['PT']
C3530258	['PT']
C3530259	['PT']
C3530260	['PT']
C3530261	['PT']
C3530262	['PT']
C3530263	['PT']
C3530264	['PT']
C3530265	['PT']
C3530266	['PT']
C3530267	['PT']
C3530268	['PT']
C3530269	['PT']
C3530270	['PT']
C3530271	['PT']
C3530275	['PT']
C3530277	['PT']
C3530278	['POS', 'PT']
C3530279	['PT']
C3530280	['PT']
C3530281	['PT']
C3530282	['PT']
C3530283	['PT']
C3530284	['PT']
C3530286	['PT']
C3530287	['PT']
C3530289	['PT']
C3530290	['PT']
C3530291	['PT']
C3530292	['PT']
C3530293	['PT']
C3530294	['PT']
C3530295	['PT']
C3530296	['PT']
C3530297	['PT']
C3530298	['PT']
C3530299	['PT']
C3530300	['PT']
C3530301	['PT']
C3530302	['PT']
C3530303	['PT']
C3530304	['PT']
C3640643	['PT', 'PT']
C3641653	['PN', 'PT', 'SY']
C3642270	['PT', 'SY', 'SY']
C3642273	['SY', 'SY', 'PN', 'PT']
C3658282	['PM', 'PM', 'PM', 'PM', 'PM', 'PM', 'PM', 'PM', 'PM', 'PM', 'PM', 'PM', 'PM', 'PM', 'PM', 'PM', 'PM', 'MH', 'PM', 'ET', 'ET', 'PM', 'ET', 'PM']
C3661443	['PM', 'PM', 'PM', 'PM', 'PEP']
C3661444	['PM', 'PM', 'PM', 'PM', 'PEP']
C3661749	['FN', 'PT']
C3661819	['SY', 'FN', 'PT', 'FN', 'PT']
C3661820	['SY', 'FN', 'PT', 'FN', 'PT']
C3661916	['FN', 'LA', 'PT', 'SY', 'FN', 'PT']
C3697965	['FN', 'PT']
C3699642	['LPDN', 'LPN', 'LS']
C3710290	['PT']
C3715181	['FN', 'PN', 'PT', 'PT']
C3715200	['FN', 'PN', 'PT', 'PT']
C3715202	['FN', 'PN', 'PT', 'PT', 'SYGB', 'SY']
C3715203	['FN', 'PN', 'PT', 'PT']
C3715205	['FN', 'PN', 'PT', 'PT']
C3810819	['FN', 'PT', 'PT']
C3810820	['FN', 'PN', 'PT', 'PT']
C3810843	['FN', 'PN', 'PT', 'PT']
C3810844	['FN', 'PN', 'PT', 'PT']
C3810847	['FN', 'PN', 'PT']
C3810855	['FN', 'PN', 'PT', 'PT']
C3810856	['FN', 'PN', 'PT', 'PT']
C3810868	['FN', 'PN', 'PT', 'PT']
C3810869	['FN', 'PN', 'PT', 'PT']
C3811912	['FN', 'PN', 'PT', 'PT']
C3811913	['FN', 'PN', 'PT', 'PT']
C3812390	['FN', 'PN', 'PT', 'PT']
C3812395	['FN', 'PN', 'PT']
C3812871	['FN', 'PN', 'PT', 'PT']
C3814531	['FN', 'PN', 'PT', 'PT']
C3814532	['FN', 'PN', 'PT', 'PT']
C3815879	['PTGB', 'FN', 'PN', 'PT', 'PT']
C3816500	['PTGB', 'FN', 'PN', 'PT', 'PT']
C3816501	['PTGB', 'FN', 'PN', 'PT', 'PT']
C3816502	['PTGB', 'FN', 'PN', 'PT', 'PT']
C3816503	['PTGB', 'FN', 'PN', 'PT', 'PT']
C3816504	['PTGB', 'FN', 'PN', 'PT', 'PT']
C3816505	['PTGB', 'FN', 'PN', 'PT', 'PT']
C3824653	['PT']
C3824673	['PT']
C3824689	['PT']
C3824747	['PT']
C3824800	['PT']
C3824817	['PT']
C3824896	['PT']
C3825544	['PT']
C3825617	['PT']
C3825833	['PT']
C3825840	['PT']
C3826013	['PT']
C3826023	['PT']
C3826178	['PT']
C3826179	['PT']
C3826181	['PT']
C3826182	['PT']
C3826190	['PT']
C3826192	['PT']
C3826197	['PT']
C3826247	['PT']
C3826521	['PT']
C3826536	['PT']
C3826595	['PT']
C3826630	['PT']
C3828025	['PT', 'SY']
C3828806	['PT']
C3833400	['LA', 'PN']
C3833703	['FN', 'PN', 'PT', 'PT']
C3834491	['FN', 'PN', 'PT', 'PT']
C3838685	['FN', 'PN', 'PT']
C3838700	['PTGB', 'FN', 'PT']
C3838744	['FN', 'PT']
C3838745	['FN', 'PT']
C3838753	['FN', 'PT']
C3838757	['FN', 'PT']
C3838759	['FN', 'PT']
C3838770	['FN', 'PT']
C3838815	['FN', 'PT']
C3838840	['FN', 'PT']
C3838844	['FN', 'PT']
C3838887	['FN', 'PT']
C3838919	['FN', 'PT', 'PTGB']
C3838959	['FN', 'PT']
C3838977	['FN', 'PT']
C3838980	['FN', 'PT']
C3839004	['FN', 'PT']
C3839015	['FN', 'PT']
C3839033	['FN', 'PT']
C3839038	['FN', 'PT']
C3839043	['FN', 'PT']
C3839053	['FN', 'PT']
C3839056	['FN', 'PT']
C3839063	['FN', 'PT']
C3839078	['FN', 'PT']
C3839103	['FN', 'PT']
C3839137	['PTGB', 'FN', 'PT']
C3839141	['FN', 'PT']
C3839152	['FN', 'PT']
C3839219	['FN', 'PT']
C3839229	['PTGB', 'FN', 'PT']
C3839239	['FN', 'PT']
C3839267	['FN', 'PT']
C3839284	['FN', 'PT']
C3839291	['PTGB', 'FN', 'PN', 'PT', 'PT']
C3839295	['FN', 'PT']
C3839327	['PTGB', 'FN', 'PT']
C3839419	['FN', 'PT']
C3839436	['FN', 'PT']
C3839447	['FN', 'PT']
C3839501	['FN', 'PT']
C3839502	['FN', 'PT']
C3839529	['FN', 'PT']
C3839552	['FN', 'PT']
C3839594	['FN', 'PT']
C3839636	['FN', 'PT']
C3839650	['FN', 'PT']
C3839654	['FN', 'PT']
C3839674	['PTGB', 'FN', 'PN', 'PT', 'PT']
C3839701	['PTGB', 'FN', 'PT']
C3839717	['FN', 'PT']
C3839733	['FN', 'PT']
C3839738	['FN', 'PT']
C3839785	['FN', 'PT']
C3839840	['FN', 'PT']
C3839853	['PTGB', 'FN', 'PT']
C3839889	['FN', 'PT']
C3839912	['FN', 'PT']
C3839946	['FN', 'PT']
C3839985	['PTGB', 'FN', 'PT']
C3839994	['FN', 'PT']
C3840001	['FN', 'PT']
C3840006	['FN', 'PT']
C3840071	['FN', 'PT']
C3840111	['FN', 'PT']
C3840176	['FN', 'PN', 'PT', 'PT']
C3840184	['FN', 'PT']
C3840219	['FN', 'PT']
C3840226	['FN', 'PT']
C3840242	['FN', 'PT']
C3840245	['PTGB', 'FN', 'PT']
C3840262	['FN', 'PT']
C3840263	['FN', 'PT']
C3840734	['LA']
C3840745	['LA']
C3840746	['LA', 'LA']
C3840771	['LA']
C3841395	['LA']
C3841564	['LA']
C3841565	['LA']
C3841566	['LA']
C3841596	['LA']
C3841602	['LA']
C3841771	['LA']
C3841813	['LA']
C3841814	['LA']
C3844312	['LA']
C3844338	['LA']
C3844339	['LA']
C3844340	['LA']
C3844341	['LA']
C3844554	['LA']
C3844762	['LA']
C3844763	['LA']
C3844764	['LA']
C3844780	['LA']
C3845066	['LA']
C3845067	['LA']
C3845074	['LA']
C3845094	['LA']
C3845095	['LA']
C3845096	['LA']
C3845097	['LA']
C3845098	['LA']
C3845101	['LA']
C3845562	['LA']
C3845564	['LA']
C3845566	['FN', 'LA', 'PT']
C3845667	['LA']
C3845668	['LA']
C3845669	['LA']
C3845869	['LA']
C3845870	['LA']
C3845871	['LA']
C3845872	['LA']
C3845873	['LA']
C3846150	['LA']
C3850013	['ET', 'MH', 'ET']
C3854339	['FN', 'PT']
C3869730	['CN', 'LPDN', 'LPN']
C3869731	['CN', 'LPDN', 'LPN']
C3869735	['CN', 'LPDN', 'LPN']
C3872576	['FN', 'PT']
C3872585	['FN', 'PT']
C3872588	['FN', 'PT']
C3872601	['FN', 'PT']
C3872619	['FN', 'PT']
C3872622	['FN', 'PT']
C3872642	['FN', 'PT']
C3872651	['FN', 'PT']
C3872656	['FN', 'PT']
C3872657	['FN', 'PT']
C3872668	['FN', 'PT']
C3872670	['FN', 'PT']
C3872675	['FN', 'PT']
C3872683	['FN', 'PT']
C3872686	['FN', 'PT']
C3872687	['FN', 'PT']
C3872693	['FN', 'PT']
C3872700	['FN', 'PT', 'SY']
C3873244	['PN']
C3873245	['FN', 'PT']
C3873250	['FN', 'PT']
C3873622	['FN', 'PT']
C3873625	['FN', 'PT']
C3873626	['FN', 'PT']
C3873627	['FN', 'PT']
C3887425	['FN', 'PT']
C3887431	['FN', 'PT']
C3887620	['FN', 'PN', 'PT', 'PT']
C3887621	['FN', 'PN', 'PT']
C3887776	['PN', 'LA']
C3897081	['PT', 'PT']
C3897160	['PT', 'PT']
C3897480	['PT', 'PT']
C3897811	['PT', 'PT']
C4018873	['FN', 'PN', 'PT']
C4019017	['FN', 'PN', 'PT']
C4029893	['FN', 'PT']
C4029894	['FN', 'PT']
C4034203	['CN', 'LPDN', 'LPN']
C4034258	['CN', 'LPDN', 'LPN']
C4035111	['LPDN', 'HC', 'LPDN', 'PN', 'HS', 'LPN']
C4035124	['LA']
C4035125	['LA']
C4035146	['LA']
C4035171	['LA']
C4035178	['LA']
C4035179	['LA']
C4035180	['LA']
C4035181	['LA']
C4035182	['LA']
C4035183	['LA']
C4035184	['LA']
C4035185	['LA']
C4035186	['LA']
C4035187	['LA']
C4035191	['LA']
C4035192	['LA']
C4035193	['LA']
C4035194	['LA']
C4035195	['LA']
C4035196	['LA']
C4035197	['LA']
C4035198	['LA']
C4035199	['LA']
C4035200	['LA']
C4035201	['LA']
C4035202	['LA']
C4035203	['LA', 'POS']
C4035204	['LA']
C4035205	['LA']
C4035206	['LA']
C4035207	['LA']
C4035208	['LA']
C4035209	['LA']
C4035210	['LA']
C4035211	['LA']
C4035212	['LA']
C4035213	['LA']
C4035214	['LA']
C4035215	['LA']
C4035216	['LA']
C4035217	['LA']
C4035218	['LA']
C4035219	['LA']
C4035220	['LA']
C4035221	['LA']
C4035222	['LA']
C4035223	['LA']
C4035224	['LA']
C4035225	['LA']
C4035226	['LA']
C4035227	['LA']
C4035228	['LA']
C4035229	['LA']
C4035230	['LA']
C4035231	['LA']
C4035232	['LA']
C4035233	['LA']
C4035234	['LA']
C4035235	['LA']
C4035236	['LA']
C4035237	['LA']
C4035238	['LA']
C4035239	['LA']
C4035240	['LA']
C4035241	['LA']
C4035242	['LA']
C4035243	['LA']
C4035244	['LA']
C4035245	['LA']
C4035246	['LA']
C4035247	['LA']
C4035248	['LA']
C4035249	['LA']
C4035250	['LA']
C4035251	['LA']
C4035252	['LA']
C4035253	['LA']
C4035254	['LA']
C4035255	['LA']
C4035256	['LA']
C4035257	['LA']
C4035258	['LA']
C4035259	['LA']
C4035260	['LA']
C4035261	['LA']
C4035262	['LA']
C4035263	['LA']
C4035264	['LA']
C4035265	['LA']
C4035266	['LA']
C4035267	['LA']
C4035268	['LA']
C4035269	['LA']
C4035270	['LA']
C4035271	['LA']
C4035272	['LA']
C4035273	['LA']
C4035274	['LA']
C4035275	['LA']
C4035276	['LA']
C4035277	['LA']
C4035278	['LA']
C4035279	['LA']
C4035280	['LA']
C4035281	['LA']
C4035282	['LA']
C4035283	['LA']
C4035284	['LA']
C4035285	['LA']
C4035286	['LA']
C4035287	['LA']
C4035288	['LA']
C4035289	['LA']
C4035290	['LA']
C4035291	['LA']
C4035292	['LA']
C4035293	['LA']
C4035294	['LA']
C4035295	['LA']
C4035296	['LA']
C4035297	['LA']
C4035298	['LA']
C4035299	['LA']
C4035300	['LA']
C4035301	['LA']
C4035302	['LA']
C4035303	['LA']
C4035304	['LA']
C4035305	['LA']
C4035306	['LA']
C4035307	['LA']
C4035308	['LA']
C4035309	['LA']
C4035310	['LA']
C4035311	['LA']
C4035312	['LA']
C4035313	['LA']
C4035314	['LA']
C4035315	['LA']
C4035316	['LA']
C4035317	['LA']
C4035318	['LA']
C4035319	['LA']
C4035320	['LA']
C4035321	['LA']
C4035322	['LA']
C4035323	['LA']
C4035324	['LA']
C4035325	['LA']
C4035326	['LA']
C4035327	['LA']
C4035328	['LA']
C4035329	['LA']
C4035330	['LA']
C4035331	['LA']
C4035332	['LA']
C4035333	['LA']
C4035334	['LA']
C4035335	['LA']
C4035336	['LA']
C4035337	['LA']
C4035338	['LA']
C4035339	['LA']
C4035340	['LA']
C4035341	['LA']
C4035342	['LA']
C4035343	['LA']
C4035344	['LA']
C4035345	['LA']
C4035580	['LA']
C4035581	['LA']
C4035582	['LA']
C4035583	['LA']
C4035584	['LA']
C4035585	['LA']
C4035586	['LA']
C4035587	['LA']
C4035588	['LA']
C4035589	['LA']
C4035590	['LA']
C4035591	['LA']
C4035592	['LA']
C4035593	['LA']
C4035594	['LA']
C4035595	['LA']
C4035596	['LA']
C4035597	['LA']
C4035598	['LA']
C4035599	['LA']
C4035600	['LA']
C4035854	['LA']
C4035855	['LA']
C4035856	['LA']
C4035857	['LA']
C4035858	['LA']
C4035859	['LA']
C4035860	['LA']
C4035861	['LA']
C4035862	['LA']
C4035865	['LA']
C4035867	['LA']
C4035868	['LA', 'PT', 'SY']
C4035871	['LA', 'PT', 'SY']
C4035927	['LA']
C4035929	['LA']
C4035930	['LA']
C4035931	['LA']
C4035932	['LA']
C4035933	['LA']
C4037969	['LPDN', 'LPN', 'LS']
C4038523	['PT']
C4038524	['PT']
C4038525	['PT']
C4038526	['PT']
C4038527	['PT']
C4038528	['PT']
C4038529	['PT']
C4038530	['PT']
C4038531	['PT']
C4038532	['PT']
C4038533	['PT']
C4038534	['PT']
C4038535	['PT']
C4038536	['PT']
C4038537	['PT']
C4038538	['PT']
C4038539	['PT']
C4038540	['PT']
C4038541	['PT']
C4038542	['PT']
C4038543	['PT']
C4038544	['PT']
C4038545	['PT']
C4038546	['PT']
C4038547	['PT']
C4038999	['FN', 'PT']
C4041524	['FN', 'PT']
C4047590	['FN', 'PT']
C4047591	['FN', 'PT']
C4047632	['FN', 'PT']
C4047633	['FN', 'PT']
C4047659	['FN', 'PT']
C4047661	['SY', 'FN', 'PT', 'SY', 'FN', 'PT']
C4047890	['FN', 'PT']
C4047891	['FN', 'PT']
C4047892	['FN', 'PT']
C4053387	['ET']
C4053388	['ET']
C4068984	['LA']
C4068985	['LA']
C4069253	['LA']
C4075525	['FN', 'PT']
C4075527	['FN', 'PT']
C4076632	['FN', 'PT']
C4085574	['PN', 'PT', 'PT']
C4085584	['PN', 'PT']
C4085632	['PN', 'PT', 'PT']
C4085938	['PT', 'SY']
C4086552	['PN', 'PT', 'PT']
C4086621	['PT', 'PT']
C4224059	['PT']
C4224060	['PT']
C4224061	['PT']
C4224062	['PT']
C4224063	['PT']
C4224064	['PT']
C4224066	['PT', 'PN']
C4224069	['PT']
C4264595	['LA']
C4264596	['LA']
C4264597	['LA']
C4264598	['LA']
C4264599	['LA']
C4264600	['LA']
C4264601	['LA']
C4264602	['LA']
C4264603	['LA']
C4277546	['MH', 'ET', 'ET']
C4277670	['PM', 'PM', 'PM', 'PM', 'ET', 'PM', 'MH', 'PM']
C4280065	['PM', 'PM', 'PM', 'PM', 'PM', 'PEP', 'PM']
C4280182	['PT']
C4280183	['PT']
C4280184	['PT']
C4280185	['PT']
C4280186	['PT']
C4280187	['PT']
C4280188	['PT']
C4280189	['PT']
C4280190	['PT']
C4280191	['PT']
C4280192	['PT']
C4280193	['PT']
C4280194	['PT']
C4280195	['PT']
C4280196	['PT']
C4280197	['PT']
C4280198	['PT']
C4280199	['PT']
C4280200	['PT']
C4280201	['PT']
C4280202	['PT']
C4280203	['PT']
C4280204	['PT']
C4280205	['PT']
C4280206	['PT']
C4280207	['PT']
C4280208	['PT']
C4280209	['PT']
C4280247	['PT']
C4280248	['PT']
C4280249	['PT']
C4284828	['PM', 'ET', 'MH', 'LPDN', 'LPN', 'LS', 'PM', 'ET']
C4288851	['PT', 'SY']
C4288863	['PT', 'SY']
C4289273	['PT', 'SY']
C4289827	['PT', 'SY']
C4289913	['SY', 'PT']
C4291925	['POS']
C4291926	['POS']
C4291927	['POS']
C4291928	['POS']
C4291931	['POS']
C4291932	['POS']
C4291933	['POS']
C4291934	['POS']
C4291935	['POS']
C4291937	['POS']
C4291938	['POS']
C4291939	['LA', 'POS']
C4291940	['POS']
C4291941	['POS']
C4291942	['POS']
C4291943	['POS']
C4291944	['POS']
C4291945	['POS']
C4291946	['POS']
C4292373	['POS']
C4301924	['PT']
C4302556	['SY', 'SY', 'FN', 'PT']
C4302589	['FN', 'PT']
C4302618	['SY', 'FN', 'PT']
C4302779	['FN', 'PT']
C4302780	['FN', 'PT']
C4302781	['FN', 'PT']
C4302782	['FN', 'PT']
C4302783	['FN', 'PT', 'SY', 'FN', 'PT']
C4318494	['PN', 'CN', 'LPDN', 'LPN']
C4318495	['PN', 'LA']
C4329799	['PT', 'SY']
C4330791	['PT', 'SY', 'SY', 'SY']
C4331452	['SY', 'SY', 'PT']
C4480272	['FN', 'PT']
C4480273	['FN', 'PT']
C4480274	['FN', 'PT']
C4480275	['FN', 'PT']
C4480276	['FN', 'PT']
C4480277	['FN', 'PT']
C4482330	['LPDN', 'LPN', 'LS']
C4483086	['CN', 'LPDN', 'LPN', 'PN']
C4489278	['LA']
C4489279	['LA']
C4489282	['LA']
C4489283	['LA']
C4489284	['LA']
C4489285	['FN', 'LA', 'PT']
C4505497	['PM', 'PEP']
C4520325	['PTGB', 'FN', 'PT']
C4520469	['FN', 'PT']
C4520471	['FN', 'PT']
C4520473	['FN', 'PT']
C4520474	['FN', 'PT']
C4520475	['FN', 'PT']
C4520487	['FN', 'PT']
C4520677	['IV', 'PN', 'PT']
C4522322	['PN', 'PT']
C4524272	['PT']
C4524273	['PT']
C4524274	['PT']
C4524275	['PT']
C4524276	['PT']
C4524277	['PT']
C4524278	['PT']
C4524280	['PT']
C4524526	['PT', 'PT']
C4524527	['PT', 'PT']
C4524528	['PT', 'PT']
C4524541	['SY', 'PN', 'PT', 'PT']
C4524542	['PT', 'PT']
C4524543	['PT', 'PT']
C4524544	['PT', 'PT']
C4524545	['PT', 'PT']
C4524546	['PT', 'PT']
C4524547	['PT', 'PT']
C4524548	['PT', 'PT']
C4524549	['PT', 'PT']
C4524558	['PT', 'PT']
C4524559	['SY', 'PT', 'PT']
C4524560	['PT', 'PT']
C4524561	['PT', 'PT']
C4524562	['PT', 'PT']
C4524563	['PT', 'PT']
C4524567	['PT', 'PT']
C4524568	['PT', 'PT']
C4524851	['PT', 'SY', 'SY']
C4525401	['PT', 'SY']
C4525402	['PT', 'SY']
C4528650	['PT', 'PT']
C4534322	['LA']
C4534323	['LA']
C4534325	['LA']
C4537703	['FN', 'PT']
C4537830	['SY', 'FN', 'PT']
C4542580	['MTH_HT']
C4546455	['PT']
C4546456	['PT']
C4546457	['PT']
C4546458	['PT']
C4684595	['PM', 'PM', 'PT', 'MH', 'PT', 'PM']
C4684837	['SY', 'PT', 'SY']
C4695777	['LPDN', 'LPN', 'LS']
C4697037	['CN', 'LPDN', 'LPN']
C4698123	['LA']
C4699043	['LA']
C4699044	['LA']
C4699045	['LA']
C4699046	['LA']
C4699047	['LA']
C4699048	['LA']
C4699049	['LA']
C4699050	['LA']
C4699051	['LA']
C4699052	['LA']
C4699053	['LA']
C4699217	['LA']
C4699219	['LA']
C4699294	['LA']
C4699334	['LA']
C4699412	['LA']
C4699413	['LA']
C4699821	['LA']
C4700028	['LA']
C4700397	['SY', 'FN', 'PT']
C4700398	['SY', 'FN', 'PT']
C4700399	['SY', 'FN', 'PT']
C4700400	['SY', 'FN', 'PT']
C4700401	['SY', 'FN', 'PT']
C4700402	['SY', 'FN', 'PT']
C4700403	['SY', 'FN', 'PT']
C4700404	['SY', 'FN', 'PT']
C4700405	['SY', 'FN', 'PT']
C4700406	['SY', 'FN', 'PT']
C4700407	['SY', 'FN', 'PT']
C4700411	['SY', 'FN', 'PT']
C4700412	['SY', 'FN', 'PT']
C4700414	['SY', 'FN', 'PT']
C4700415	['SY', 'FN', 'PT']
C4700416	['SY', 'FN', 'PT']
C4700417	['SY', 'FN', 'PT']
C4700418	['SY', 'FN', 'PT']
C4700419	['SY', 'FN', 'PT']
C4700420	['SY', 'FN', 'PT']
C4700421	['SY', 'FN', 'PT']
C4700422	['SY', 'FN', 'PT']
C4700423	['SY', 'FN', 'PT']
C4700424	['SY', 'FN', 'PT']
C4700425	['SY', 'FN', 'PT']
C4700426	['SY', 'FN', 'PT']
C4700427	['SY', 'FN', 'PT']
C4700429	['SY', 'FN', 'PT']
C4700430	['SY', 'FN', 'PT']
C4700433	['SY', 'FN', 'PT']
C4700434	['SY', 'FN', 'PT']
C4700435	['SY', 'FN', 'PT']
C4700436	['SY', 'FN', 'PT']
C4700437	['SY', 'FN', 'PT']
C4700439	['SY', 'FN', 'PT']
C4700440	['SY', 'FN', 'PT']
C4700442	['SY', 'FN', 'PT']
C4700443	['SY', 'FN', 'PT']
C4704686	['PM', 'ET', 'MH', 'ET']
C4722115	['PN', 'PT', 'PT']
C4722132	['PN', 'PT', 'PT']
C4722399	['PN', 'PT', 'PT']
C4722412	['PN', 'PT', 'PT']
C4722627	['PN', 'PT', 'PT']
C4723826	['PN', 'PT', 'PT']
C4724577	['CN', 'LPDN', 'LPN', 'PN']
C4725957	['SY', 'PT', 'SY']
C4727086	['SY', 'PT', 'SY']
C4727113	['SY', 'PT', 'SY']
C4727407	['PT', 'SY']
C4744965	['PT', 'PT']
C4760630	['PM', 'PM', 'PM', 'PM', 'MH', 'PN', 'PM', 'ET']
C4761324	['PN', 'PT', 'SY', 'SY']
C4763567	['SY', 'PT', 'SY']
C4763568	['SY', 'PT', 'SY']
C4763569	['PT', 'SY', 'SY']
C4763630	['PT', 'SY', 'SY']
C4763632	['PT', 'SY']
C4763634	['SY', 'PT', 'SY']
C4764268	['SY', 'PT', 'SY', 'SY']
C5141507	['CN', 'LPDN', 'LPN']
C5142892	['LA']
C5187146	['LPDN', 'LPN']
C5191291	['FN', 'PT']
C5191292	['FN', 'PT']
C5191294	['PTGB', 'FN', 'PT']
C5191295	['FN', 'PT']
C5191296	['FN', 'PT']
C5191299	['FN', 'PT']
C5191301	['FN', 'PT']
C5191302	['FN', 'PT']
C5191303	['PTGB', 'FN', 'PT']
C5191304	['PT', 'FN', 'SY']
C5197923	['PM', 'PM', 'MH', 'PM']
C5200851	['PT']
C5200852	['PT']
C5203665	['FN', 'PN', 'PT']
C5203666	['FN', 'PN', 'PT']
C5203667	['FN', 'PN', 'PT']
C5214442	['LA']
C5214445	['LA']
C5214446	['LA']
C5214447	['LA']
C5214448	['LA']
C5214449	['LA']
C5216344	['LG']
C5216345	['LG']
C5216346	['LG']
C5216347	['LG']
C5216348	['LG']
C5216349	['LG']
C5216350	['LG']
C5216351	['LG']
C5216352	['LG']
C5216355	['LG']
C5216359	['LG']
C5220968	['LA']
C5224013	['SY', 'FN', 'PT']
C5224014	['SY', 'FN', 'PT']
C5229377	['FN', 'PT']
C5229378	['FN', 'PT']
C5229379	['FN', 'PT']
C5229471	['FN', 'PT']
C5229472	['FN', 'PT']
C5229473	['FN', 'PT']
C5229474	['FN', 'PT']
C5229475	['FN', 'PT']
C5229476	['FN', 'PT']
C5229477	['FN', 'PT']
C5229979	['PTGB', 'FN', 'PT']
C5229980	['FN', 'PT']
C5229981	['FN', 'PT']
C5229982	['FN', 'PT']
C5230689	['SY', 'SYGB', 'SY', 'FN', 'PT']
C5230763	['FN', 'PT']
C5230764	['FN', 'PT']
C5236015	['PT', 'SY']
C5236160	['PT', 'SY', 'PT']
C5236995	['PT', 'SY', 'SY', 'SY']
C5238433	['PT']
C5239202	['PT', 'SY', 'PT']
C5239203	['PT', 'SY', 'PT']
C5239204	['PT', 'PT']
C5239205	['PT', 'PT']
C5239206	['PN', 'PT', 'LPDN', 'LPN', 'PT']
C5239207	['PT', 'PT']
C5239208	['PT', 'PT']
C5239589	['PT', 'PT']
C5240560	['CN', 'LPDN', 'LPN', 'PN']
C5392123	['ET', 'PM', 'PM', 'PM', 'ET', 'ET', 'PM', 'MH', 'PM', 'PM', 'PM', 'PM']
C5395254	['FN', 'PT', 'PTGB']
C5395445	['FN', 'PT']
C5395569	['FN', 'PT']
C5395570	['FN', 'PT']
C5395571	['FN', 'PT']
C5395572	['SY', 'FN', 'PT']
C5395573	['FN', 'PT']
C5395574	['FN', 'PT']
C5395630	['FN', 'PT']
C5395631	['FN', 'PT']
C5395632	['FN', 'PT', 'PTGB']
C5399740	['PT']
C5400794	['SY', 'PN', 'PT', 'SY']
C5416728	['POS']
C5418894	['PT', 'SY', 'SY']
C5420083	['SY', 'SY', 'PT', 'SY']
C5420268	['SY', 'SY', 'PT']
C5420325	['SY', 'SY', 'PT']
C5420356	['SY', 'PT', 'SY']
C5427592	['PT']
C5431833	['SY', 'FN', 'PT']
C5440877	['PT']
C5440878	['PT', 'PT', 'SY']
C5440892	['FN', 'PT']
C5446604	['PT', 'SY']
C5446605	['PT', 'SY']
C5446608	['SY', 'SY', 'PT']
C5447593	['PT', 'SY']
C5447763	['PT', 'SY']
C5447931	['FN', 'PT', 'PT', 'SY']
C5447932	['SY', 'PT']
C5447933	['SY', 'SY', 'SY', 'SY', 'PT']
C5452730	['LA']
C5452850	['LA']
C5452851	['LA']
C5452852	['LA']
C5452853	['LA']
C5452854	['LA']
C5452855	['LA']
C5452856	['LA']
C5452857	['LA']
C5452858	['LA']
C5452859	['LA']
C5452860	['LA']
C5452861	['LA']
C5452862	['LA']
C5452863	['LA']
C5452864	['LA']
C5452865	['LA']
C5452866	['LA']
C5452867	['LA']
C5452868	['LA']
C5452869	['LA']
C5452870	['LA']
C5453199	['LA']
C5453884	['LPDN', 'LPN']
C5545727	['FN', 'PT']
C5546621	['FN', 'PT']
C5548388	['FN', 'PT']
C5548389	['FN', 'PT']
C5548392	['FN', 'PT']
C5548393	['FN', 'PT']
C5549981	['FN', 'PT']
C5550895	['PT']
C5550896	['PT']
C5550897	['PT']
C5550898	['PT']
