C0000789	['MSH', 'MSH', 'MSH', 'MSH', 'MSH', 'MSH', 'MSH', 'MSH']
C0000872	['CHV', 'SNOMEDCT_US', 'MSH', 'SNOMEDCT_US', 'MSH', 'MTH', 'LCH_NW', 'SNOMEDCT_US', 'MSH', 'MSH', 'MSH', 'MSH', 'MEDCIN', 'MEDCIN', 'MEDCIN', 'CHV', 'MSH', 'MSH', 'MSH', 'MSH', 'CHV', 'SNOMEDCT_US', 'MSH', 'CHV', 'MSH']
C0001572	['MSH', 'MSH', 'MSH', 'MSH']
C0001573	['MSH', 'MSH', 'MSH', 'MSH', 'MSH', 'MSH', 'MSH', 'MSH', 'MSH', 'MSH', 'MSH', 'MSH']
C0002424	['NCI_caDSR', 'MSH', 'MTH', 'NCI', 'MSH', 'NCI', 'NCI_FDA', 'CHV', 'SNOMEDCT_US', 'SNOMEDCT_US', 'SNOMEDCT_US', 'NCI_caDSR', 'CHV', 'NCI', 'MSH', 'CHV', 'CHV', 'MSH', 'MSH', 'MSH', 'NCI', 'MSH', 'NCI_CDISC', 'CHV', 'MSH', 'LNC', 'CHV']
C0002426	['MSH', 'MSH', 'MSH', 'MSH', 'MSH', 'MSH', 'SNOMEDCT_US', 'MSH', 'NCI', 'SNOMEDCT_US', 'MSH', 'SNOMEDCT_US', 'SNOMEDCT_US']
C0002458	['CHV', 'MSH', 'CHV', 'MSH', 'CHV', 'MSH', 'MSH', 'MSH', 'MSH']
C0002907	['SNOMEDCT_US', 'CHV', 'MSH', 'CHV', 'MSH', 'MSH', 'MSH', 'SNOMEDCT_US', 'SNOMEDCT_US', 'MSH', 'MSH', 'MSH', 'MSH', 'MSH', 'MSH']
C0003193	['MSH', 'MSH', 'MSH', 'MSH', 'MSH']
C0003746	['MSH', 'MSH']
C0005770	['MSH', 'MSH', 'LNC', 'LNC', 'LNC', 'LNC', 'MSH', 'CHV', 'CSP', 'NCI', 'NCI_FDA', 'MSH', 'MTH', 'LCH_NW', 'CHV', 'NUCCHCPT']
C0005864	['MSH', 'CHV', 'MSH', 'MSH', 'MSH']
C0005865	['MSH', 'CHV', 'MSH', 'CHV', 'MSH', 'MSH']
C0006418	['SNOMEDCT_US', 'LNC', 'MSH', 'CHV', 'SNOMEDCT_US', 'MSH', 'CHV', 'SNOMEDCT_US', 'CHV', 'CHV', 'CHV', 'MSH', 'MSH', 'MEDCIN', 'MEDCIN', 'MEDCIN']
C0006425	['MSH', 'CHV', 'MSH', 'CHV', 'SNOMEDCT_US', 'SNOMEDCT_US', 'CHV', 'CHV', 'MSH', 'MSH']
C0006460	['MSH', 'MSH', 'MSH', 'MSH', 'MSH', 'MSH', 'MSH', 'MSH']
C0006827	['MSH', 'MSH', 'MSH', 'MSH']
C0006828	['MSH', 'MSH', 'MSH', 'MSH']
C0007151	['MSH', 'MSH', 'MSH', 'MSH']
C0007670	['MSH', 'LNC', 'CHV', 'MSH', 'MSH', 'MSH', 'MSH', 'CHV', 'MSH', 'MTH', 'MSH', 'NCI', 'MSH', 'MSH', 'MSH', 'MSH', 'MSH']
C0007692	['MSH', 'MSH', 'MSH', 'MSH', 'MSH', 'MSH']
C0007951	['MSH', 'MSH', 'MSH', 'MSH', 'MSH', 'MSH', 'MSH', 'MSH', 'MSH', 'MSH', 'MSH', 'MSH']
C0008077	['MSH', 'MSH', 'LCH_NW', 'PSY', 'MSH', 'MSH', 'MSH', 'MSH']
C0008968	['MSH', 'CHV', 'MSH', 'MSH', 'MSH', 'MSH', 'MSH']
C0009434	['MSH', 'MTH', 'MSH']
C0009469	['CHV', 'MSH', 'MSH', 'CHV', 'MSH', 'MSH', 'MSH', 'NCI', 'CHV', 'MSH', 'CHV', 'NCI', 'LNC', 'MSH', 'MSH', 'MSH', 'MSH']
C0009474	['MSH', 'CPT', 'MSH', 'PSY', 'MTH', 'PSY']
C0009478	['MSH', 'SNOMEDCT_US', 'MSH', 'CHV', 'SNOMEDCT_US', 'CHV', 'LCH_NW', 'CHV', 'MSH', 'MSH']
C0009589	['MSH']
C0010066	['CHV', 'MSH', 'MSH', 'MSH', 'CHV', 'HL7V3.0', 'MSH', 'LCH_NW', 'CHV', 'CSP', 'MSH', 'MSH']
C0010089	['MSH', 'MSH', 'MSH', 'MSH']
C0011212	['MSH', 'CHV', 'MSH', 'MSH', 'MSH', 'MSH', 'MSH', 'MSH', 'MSH', 'MSH', 'CHV', 'SNOMEDCT_US', 'MSH', 'CHV', 'SNOMEDCT_US', 'SNOMEDCT_US', 'MSH', 'MSH', 'MSH', 'MSH', 'MSH', 'MSH']
C0011344	['NUCCHCPT', 'CHV', 'MSH', 'CHV', 'MSH', 'SNOMEDCT_US', 'MSH', 'CHV', 'SNOMEDCT_US', 'MSH', 'MTH', 'LCH_NW', 'CHV']
C0011357	['CHV', 'MSH', 'CHV', 'MSH', 'CSP', 'MSH', 'MSH']
C0011419	['MSH', 'MSH', 'MSH', 'LCH_NW', 'MSH', 'MSH', 'MSH']
C0013185	['MSH', 'MSH', 'MTH', 'CHV', 'CHV', 'MSH', 'MSH', 'MSH', 'CHV', 'CHV', 'MSH', 'MSH', 'MSH', 'MSH', 'MSH', 'CHV', 'MSH', 'CHV', 'MSH', 'CHV', 'LCH_NW']
C0013623	['MSH', 'MSH', 'MSH', 'MSH', 'MSH', 'MSH']
C0013966	['MSH', 'MSH', 'MSH', 'MSH', 'MSH', 'MSH']
C0013970	['MSH', 'MSH']
C0015394	['MSH', 'MSH', 'CSP', 'MSH', 'CHV', 'NCI', 'NCI_FDA', 'MSH', 'LCH_NW', 'NUCCHCPT']
C0015589	['MSH', 'MSH', 'MSH', 'MSH']
C0016457	['MTH', 'NCI']
C0018257	['MSH', 'CPT', 'HL7V3.0', 'CHV', 'MSH', 'CHV', 'LCH_NW', 'PSY', 'MSH', 'MSH']
C0018262	['CSP', 'MSH', 'CHV', 'MSH', 'CHV', 'MSH', 'MSH']
C0018263	['MSH', 'MSH', 'LCH_NW', 'MSH', 'MSH', 'MSH', 'MSH']
C0018264	['MSH', 'MSH', 'MSH', 'MSH', 'MSH', 'MSH']
C0018518	['SNOMEDCT_US', 'CSP', 'MSH', 'CHV', 'SNOMEDCT_US', 'MSH', 'LCH_NW', 'PSY', 'CHV', 'MSH', 'MSH']
C0018690	['MSH', 'MSH', 'MSH', 'MSH', 'MSH', 'MSH', 'MSH', 'MSH']
C0018696	['MSH', 'CHV', 'MSH', 'CHV', 'MSH', 'CHV', 'MSH', 'CHV', 'MSH', 'MSH', 'MSH', 'MSH']
C0018704	['CHV', 'CHV', 'CHV', 'CHV', 'CHV', 'MSH', 'CHV', 'MSH', 'MEDLINEPLUS', 'MTH', 'CSP', 'CHV', 'NCI', 'MSH', 'CHV', 'LCH_NW', 'MEDLINEPLUS', 'MSH', 'NCI_CDISC', 'CHV', 'SNOMEDCT_US', 'LNC', 'NCI', 'SNOMEDCT_US', 'LNC', 'NCI_BRIDG_3_0_3', 'NCI_BRIDG_5_3', 'NCI_CDISC-GLOSS', 'NCI', 'CHV', 'SNOMEDCT_US', 'PSY', 'CHV', 'CHV']
C0018720	['MSH', 'SNOMEDCT_US', 'SNOMEDCT_US', 'CSP', 'MSH', 'NCI', 'SNOMEDCT_US', 'CHV', 'CHV', 'MEDLINEPLUS', 'MSH', 'MTH', 'LCH_NW', 'PSY', 'CHV', 'CSP', 'MEDLINEPLUS', 'MSH', 'PSY', 'SOP', 'CHV', 'CHV', 'NUCCHCPT', 'MSH', 'MSH', 'MSH', 'SNOMEDCT_US', 'SNOMEDCT_US']
C0018732	['MSH', 'MSH', 'MSH', 'MSH', 'MSH', 'MSH', 'MSH']
C0018763	['MSH', 'MSH', 'CSP', 'MSH', 'MTH', 'LCH_NW', 'MSH', 'CSP', 'MSH', 'MSH']
C0019007	['MSH', 'MSH', 'MSH', 'MSH', 'MSH', 'MSH', 'MSH']
C0019859	['MSH', 'NUCCHCPT', 'CHV', 'MSH', 'MSH', 'MTH', 'CHV', 'LNC', 'MSH', 'CHV']
C0019870	['CHV', 'CHV', 'CHV', 'CSP', 'CSP', 'MSH', 'MSH', 'CHV', 'MSH', 'CSP', 'MSH', 'MSH', 'LCH_NW']
C0019947	['MEDCIN', 'MEDCIN', 'MEDCIN', 'SNOMEDCT_US', 'MTH', 'MSH', 'CPT', 'CSP', 'NCI', 'NCI_FDA', 'SNOMEDCT_US', 'MSH']
C0019952	['MSH', 'MSH', 'MSH', 'MSH', 'MSH', 'MSH', 'MSH', 'MSH']
C0019961	['CHV', 'MSH', 'CHV', 'MSH', 'MEDCIN', 'MEDCIN', 'MEDCIN', 'SNOMEDCT_US', 'MSH', 'SNOMEDCT_US', 'MSH', 'CHV']
C0019967	['MSH', 'CHV', 'MSH', 'CHV']
C0019968	['MSH', 'MSH', 'MSH', 'MSH', 'LCH_NW', 'MSH', 'MSH']
C0019973	['MSH', 'MSH']
C0019987	['MSH', 'MSH', 'MSH', 'MSH']
C0019988	['MSH', 'CHV', 'HL7V3.0', 'CHV', 'MSH', 'CHV', 'MSH', 'MSH']
C0019994	['CHV', 'LNC', 'LNC', 'LNC', 'LNC', 'MSH', 'CHV', 'CSP', 'HL7V3.0', 'NCI', 'NCI_CDISC', 'NCI_FDA', 'MEDLINEPLUS', 'MSH', 'MTH', 'LCH_NW', 'PSY', 'CHV', 'LNC']
C0019995	['MSH', 'MSH', 'MSH', 'MSH']
C0019996	['MSH', 'CHV', 'MSH', 'MSH', 'MSH', 'CHV', 'MSH', 'MSH', 'MSH', 'CHV', 'MSH', 'LCH_NW']
C0019997	['MSH', 'MSH', 'MSH', 'MSH']
C0019999	['SNOMEDCT_US', 'MSH', 'SNOMEDCT_US', 'CHV', 'MSH', 'CHV', 'LCH_NW', 'MEDCIN', 'MEDCIN', 'MEDCIN', 'CHV', 'MSH', 'MSH']
C0020000	['HL7V3.0', 'MSH', 'MSH', 'MSH', 'MSH', 'HL7V3.0', 'NUCCHCPT']
C0020001	['MSH', 'MSH', 'MSH', 'MSH', 'MSH', 'MSH', 'MSH', 'MSH', 'MSH']
C0020003	['SNOMEDCT_US', 'SNOMEDCT_US', 'MSH', 'CHV', 'SNOMEDCT_US', 'MSH', 'CHV', 'MEDCIN', 'MEDCIN', 'MEDCIN', 'LCH_NW', 'CHV', 'MSH', 'MSH']
C0020004	['MSH', 'MSH', 'MSH', 'MSH', 'LCH_NW']
C0020005	['CHV', 'MSH', 'CHV', 'MSH', 'LCH_NW', 'CHV', 'MSH', 'MSH']
C0020006	['SNOMEDCT_US', 'MSH', 'SNOMEDCT_US', 'MSH', 'MEDCIN', 'MEDCIN', 'MEDCIN', 'MSH', 'MSH']
C0020007	['MSH', 'MSH', 'MSH', 'MSH']
C0020008	['MSH', 'CHV', 'MSH', 'CHV', 'LNC', 'MSH', 'MSH']
C0020009	['MSH', 'MSH', 'MSH', 'MSH', 'MSH', 'MSH']
C0020010	['MSH', 'MSH', 'MSH', 'MSH', 'CHV']
C0020012	['CHV', 'MSH', 'MSH', 'NUCCHCPT', 'MSH', 'CHV', 'HL7V3.0', 'MSH', 'MTH', 'LCH_NW', 'HL7V3.0', 'HL7V3.0']
C0020013	['MSH', 'MSH', 'MSH', 'MSH', 'MSH', 'MSH']
C0020014	['MSH', 'MSH', 'MSH', 'MSH']
C0020015	['MSH', 'MSH', 'MSH', 'MSH', 'LCH_NW']
C0020016	['MSH', 'MSH', 'MSH', 'MSH']
C0020017	['SNOMEDCT_US', 'CHV', 'SNOMEDCT_US', 'CHV', 'LCH_NW', 'MEDCIN', 'MEDCIN', 'MEDCIN', 'CHV', 'CHV', 'MSH', 'CHV', 'MSH', 'MSH', 'CHV', 'MSH', 'CHV']
C0020020	['MSH', 'MSH', 'MSH', 'MSH', 'LCH_NW', 'MSH', 'MSH', 'MSH', 'MSH']
C0020021	['MEDCIN', 'MEDCIN', 'MEDCIN', 'CHV', 'CHV', 'CHV', 'MSH', 'MSH', 'CHV', 'MSH', 'MSH', 'NUCCHCPT', 'MSH', 'CHV', 'MSH', 'CSP', 'CHV', 'CSP', 'MSH', 'CHV', 'SNOMEDCT_US', 'MSH', 'PSY', 'CHV', 'MSH', 'MSH', 'CHV', 'SNOMEDCT_US', 'LNC', 'MSH', 'MTH', 'SNOMEDCT_US', 'CHV', 'MSH', 'LCH_NW', 'PSY', 'CHV']
C0020022	['CHV', 'MSH', 'MSH', 'MSH', 'CHV', 'MSH', 'LCH_NW', 'CHV']
C0020023	['CHV', 'MSH', 'MSH', 'MSH', 'CHV', 'MSH', 'CHV', 'LCH_NW']
C0020024	['MSH', 'MSH', 'MSH', 'MSH', 'MSH', 'MSH', 'MSH', 'MSH']
C0020025	['MEDCIN', 'MEDCIN', 'MEDCIN', 'CHV', 'MSH', 'MSH', 'NUCCHCPT', 'SNOMEDCT_US', 'MSH', 'MTH', 'SNOMEDCT_US', 'MSH', 'CHV']
C0020026	['CHV', 'MSH', 'CHV', 'CHV', 'MSH', 'MSH', 'CHV', 'MSH', 'PSY', 'LCH_NW', 'CHV']
C0020027	['CHV', 'MSH', 'CHV', 'MSH', 'MSH', 'CHV', 'MSH', 'MTH', 'LCH_NW', 'CHV']
C0020028	['CHV', 'MSH', 'CHV', 'MSH', 'LCH_NW', 'CHV']
C0020029	['MSH', 'CHV', 'MSH', 'CHV', 'MSH', 'MSH', 'MSH', 'MSH', 'MSH', 'MSH', 'MSH', 'MSH', 'MSH', 'CHV', 'MSH']
C0020030	['CHV', 'MSH', 'CHV', 'MSH', 'CHV', 'MSH', 'CHV', 'MSH', 'CHV', 'LCH_NW']
C0020031	['MSH', 'MSH', 'MSH', 'MSH', 'MSH', 'MSH', 'MSH', 'MSH', 'MSH', 'MSH', 'MSH', 'MSH', 'MSH', 'MSH', 'MSH', 'LCH_NW']
C0021190	['MSH', 'MSH', 'MSH', 'MSH', 'MSH', 'MSH', 'MTH', 'MSH', 'MSH', 'MSH', 'MSH', 'MSH', 'MSH', 'MSH', 'MSH', 'MSH', 'MSH']
C0021621	['CHV', 'MSH', 'MTH', 'MSH', 'CHV', 'NCI', 'MSH', 'CHV', 'MSH', 'MSH', 'MSH', 'MSH', 'MSH', 'MSH']
C0021678	['MSH', 'MSH', 'MSH', 'MSH']
C0021691	['MSH', 'MSH', 'MSH', 'MSH', 'MSH', 'LCH_NW', 'MSH']
C0021708	['CHV', 'CHV', 'CHV', 'CHV', 'CHV', 'NCI', 'NCI_FDA', 'MEDCIN', 'MEDCIN', 'MEDCIN', 'CHV', 'CHV', 'SNOMEDCT_US', 'MSH', 'MEDLINEPLUS', 'CHV', 'MEDLINEPLUS', 'SNOMEDCT_US', 'SNOMEDCT_US', 'LNC', 'CHV', 'LNC', 'LNC', 'LNC', 'MSH', 'MTH', 'HL7V3.0', 'NCI', 'NCI_FDA', 'SNOMEDCT_US', 'CHV', 'MSH', 'LCH_NW', 'CHV', 'SNOMEDCT_US', 'MSH']
C0021709	['MEDCIN', 'MEDCIN', 'MEDCIN', 'MSH', 'MSH', 'MSH', 'MSH', 'MSH', 'MSH', 'MSH', 'SNOMEDCT_US', 'CHV', 'MSH', 'SNOMEDCT_US', 'CHV', 'MSH', 'CHV', 'MSH', 'MSH', 'MSH', 'CHV', 'MSH', 'MSH', 'CHV', 'SNOMEDCT_US', 'HL7V3.0']
C0021710	['CHV', 'CHV', 'MEDCIN', 'MEDCIN', 'MEDCIN', 'MSH', 'MSH', 'MSH', 'SNOMEDCT_US', 'SNOMEDCT_US', 'MSH', 'MSH', 'SNOMEDCT_US', 'MSH', 'MTH', 'CHV', 'HL7V3.0', 'SNOMEDCT_US', 'MSH', 'SNOMEDCT_US', 'SNOMEDCT_US', 'SNOMEDCT_US']
C0021767	['MSH', 'MSH', 'MSH', 'MSH', 'MSH', 'SNOMEDCT_US', 'MSH', 'NCI', 'NCI_CDISC', 'SNOMEDCT_US']
C0022051	['MSH', 'MSH']
C0022405	['MSH', 'CHV', 'MSH', 'MSH', 'MSH', 'MSH', 'MSH']
C0022877	['LNC', 'NCI', 'MSH', 'LCH_NW', 'CHV', 'SNOMEDCT_US', 'ALT', 'LNC', 'LNC', 'LNC', 'LNC', 'MSH', 'MTH', 'CHV', 'HL7V3.0', 'NCI', 'NCI_BRIDG_3_0_3', 'NCI_BRIDG_5_3', 'NCI_FDA', 'SNOMEDCT_US']
C0022878	['MSH', 'LCH_NW', 'CHV', 'SNOMEDCT_US', 'MSH', 'MTH', 'CHV', 'SNOMEDCT_US', 'MSH', 'NUCCHCPT', 'MSH']
C0022879	['MSH', 'LCH_NW', 'MSH', 'HL7V3.0', 'SNOMEDCT_US', 'SNOMEDCT_US', 'MSH', 'MSH']
C0023135	['MSH', 'MSH', 'MSH', 'MSH', 'MSH', 'MSH']
C0023337	['MSH', 'MSH', 'MSH', 'MSH']
C0023622	['MSH', 'LCH_NW', 'MSH', 'MSH', 'MSH']
C0023623	['CHV', 'CHV', 'MSH', 'MSH', 'CHV', 'MSH']
C0023624	['MSH', 'LCH_NW', 'CHV', 'MSH', 'CHV', 'CHV', 'MSH', 'MSH']
C0023625	['MSH', 'MSH', 'CHV', 'MSH', 'MSH', 'CHV', 'MSH', 'MSH', 'MSH', 'LCH_NW', 'CHV', 'MSH', 'CHV']
C0023626	['MSH', 'MSH', 'MSH', 'LCH_NW', 'MSH']
C0024927	['MSH', 'MSH', 'MSH', 'MSH', 'MSH', 'MSH', 'MSH']
C0025103	['MSH', 'MSH', 'MSH', 'MSH', 'MSH', 'MSH', 'MSH', 'MSH']
C0025354	['MSH', 'MSH', 'MSH', 'MSH', 'MSH', 'CHV', 'MSH', 'CHV']
C0026331	['MSH', 'MSH', 'MSH', 'MTH', 'CSP', 'NCI', 'NCI_FDA', 'MSH', 'UMD', 'SNOMEDCT_US', 'SNOMEDCT_US', 'CPT', 'HL7V3.0', 'HL7V3.0', 'UMD', 'MSH', 'MSH']
C0026738	['MSH', 'MSH', 'MSH', 'MSH', 'MSH', 'MSH', 'MSH', 'MSH']
C0026745	['MSH', 'MSH', 'MSH', 'MSH', 'MSH', 'LCH_NW', 'MSH', 'MSH', 'MSH', 'MSH', 'MSH']
C0027447	['MSH', 'MSH', 'MSH', 'MSH', 'MSH', 'MSH']
C0027450	['CHV', 'CHV', 'MSH', 'CHV', 'HL7V3.0', 'MSH', 'NCI', 'MSH', 'MSH']
C0027454	['MSH', 'MSH', 'LCH_NW', 'MSH', 'MTH']
C0027456	['MSH', 'MSH', 'MSH', 'MSH', 'MSH']
C0027460	['MSH', 'MSH']
C0027463	['MSH', 'MSH', 'MSH', 'MSH', 'LNC', 'LNC', 'MSH']
C0027466	['CHV', 'CHV', 'CHV', 'MSH', 'CHV', 'MSH', 'NCI', 'MSH', 'MSH']
C0027468	['CHV', 'CHV', 'CHV', 'CHV', 'CHV', 'CHV', 'MSH', 'MSH', 'CHV', 'NCI', 'NCI_NCI-GLOSS', 'LNC', 'NCI_NCI-GLOSS', 'MSH', 'MTH']
C0027470	['CHV', 'CHV', 'CHV', 'CHV', 'CHV', 'CHV', 'MSH', 'MTH', 'MSH', 'CHV', 'NCI', 'MSH', 'CHV', 'MSH']
C0028583	['MSH', 'MSH', 'MSH', 'MSH']
C0028659	['MSH', 'MTH', 'LCH_NW', 'CHV', 'CHV', 'CSP']
C0028660	['MSH', 'MSH', 'CHV', 'LNC', 'LCH_NW', 'MSH', 'MSH']
C0028688	['MEDCIN', 'MEDCIN', 'MEDCIN', 'MSH', 'SNOMEDCT_US', 'LNC', 'SNOMEDCT_US', 'SNOMEDCT_US', 'LNC', 'MSH', 'CHV', 'CSP', 'HL7V3.0', 'NCI', 'NCI_FDA', 'NCI_NCI-GLOSS', 'SNOMEDCT_US', 'MSH', 'MTH', 'LCH_NW', 'MEDLINEPLUS', 'PSY', 'CHV']
C0028774	['MSH', 'MSH', 'MSH']
C0028775	['MSH', 'MSH', 'SNOMEDCT_US', 'MSH', 'SNOMEDCT_US', 'MSH']
C0028776	['MSH']
C0028801	['SNOMEDCT_US', 'MSH', 'SNOMEDCT_US', 'MSH', 'MSH', 'MSH', 'MSH', 'MSH', 'SNOMEDCT_US', 'MSH', 'SNOMEDCT_US', 'MSH', 'LCH_NW', 'MSH', 'MSH', 'MSH', 'MSH']
C0028809	['MSH', 'MSH', 'MSH']
C0029064	['SNOMEDCT_US', 'CSP', 'LNC', 'MSH', 'MTH', 'CHV', 'NCI', 'NCI_FDA', 'SNOMEDCT_US', 'MSH', 'LCH_NW', 'CHV', 'CHV', 'NCI', 'SNOMEDCT_US', 'CHV', 'CHV', 'NCI', 'SNOMEDCT_US', 'CHV', 'SNOMEDCT_US', 'SNOMEDCT_US', 'SNOMEDCT_US', 'CHV', 'MSH', 'MSH']
C0029916	['MSH', 'MSH', 'MSH', 'LNC', 'MSH', 'MSH', 'MSH', 'MSH']
C0030260	['MSH', 'CHV', 'CHV', 'MSH']
C0030666	['MSH', 'MSH', 'MSH', 'MSH', 'MSH', 'MSH']
C0030769	['MSH', 'MSH', 'MSH', 'MSH']
C0031322	['MSH', 'CHV', 'SNOMEDCT_US', 'MTH', 'LNC', 'CPT', 'CHV', 'HL7V3.0', 'NCI', 'SNOMEDCT_US', 'NCI_FDA', 'NUCCHCPT']
C0031338	['CHV', 'MSH', 'CHV', 'CHV']
C0031341	['MSH', 'MSH', 'MSH', 'MSH', 'MSH', 'MSH', 'MSH', 'MSH', 'MSH', 'MSH', 'MSH', 'MSH', 'MSH', 'MSH', 'MSH', 'MSH', 'MSH', 'MSH']
C0031819	['MSH', 'MSH', 'MSH']
C0031826	['MSH', 'MSH', 'MSH', 'MSH']
C0031834	['NCI', 'LNC', 'CHV', 'NCI', 'SNOMEDCT_US', 'CHV', 'CHV', 'MSH', 'MSH', 'CHV', 'MSH', 'MSH', 'MSH', 'CHV', 'NCI', 'NCI_caDSR', 'MSH', 'NCI', 'MSH', 'LNC', 'CHV', 'MSH', 'MSH', 'CHV', 'MSH', 'MSH', 'MSH', 'MTH']
C0032073	['CHV', 'MSH', 'CHV']
C0032340	['MSH', 'CHV', 'MSH', 'MSH', 'MSH', 'CHV', 'MSH', 'LCH_NW', 'CHV']
C0032956	['NUCCHCPT', 'MSH', 'MSH', 'SOP', 'CHV', 'CHV', 'MSH', 'CHV', 'LCH_NW', 'MSH', 'MTH', 'CHV']
C0033173	['MEDCIN', 'MEDCIN', 'MEDCIN', 'CHV', 'MSH', 'CHV', 'MSH', 'SNOMEDCT_US', 'MSH', 'SNOMEDCT_US', 'MSH', 'CHV']
C0033279	['MSH', 'MSH', 'MSH', 'MSH', 'LCH_NW']
C0033286	['MSH', 'MSH', 'MSH', 'MSH', 'MSH', 'MSH']
C0033868	['MSH', 'MSH', 'MSH', 'MSH', 'MSH', 'MSH']
C0034126	['MSH', 'LCH_NW', 'MSH', 'MSH', 'MSH']
C0034600	['MSH', 'MSH', 'MSH', 'MSH', 'MSH', 'MSH']
C0034871	['MEDCIN', 'MEDCIN', 'MEDCIN', 'MSH', 'MSH', 'CHV', 'SNOMEDCT_US', 'CHV', 'SNOMEDCT_US', 'SNOMEDCT_US', 'MTH', 'SNOMEDCT_US', 'LNC', 'LNC', 'LNC', 'LNC', 'MSH', 'CHV', 'SNOMEDCT_US', 'MSH', 'MSH', 'LCH_NW', 'MSH', 'MSH', 'MSH', 'MSH', 'MSH', 'CHV']
C0034993	['CHV', 'MSH', 'MSH', 'MSH', 'NCI', 'NCI_FDA', 'CHV', 'NCI_caDSR', 'MSH', 'CHV', 'LCH_NW', 'PSY']
C0035047	['MSH', 'MSH', 'MSH', 'MSH']
C0035186	['NCI', 'CHV', 'MSH', 'MSH', 'PSY', 'CHV', 'CSP', 'NCI', 'NCI_caDSR', 'PSY', 'MTH', 'MSH', 'LNC', 'MSH', 'NCI']
C0035215	['MSH', 'MSH', 'MSH', 'MSH', 'CSP', 'MSH', 'MSH']
C0035240	['MSH', 'MSH', 'MSH']
C0035960	['MSH', 'MSH', 'CHV', 'CHV', 'MSH', 'MSH', 'SNOMEDCT_US', 'MSH', 'SNOMEDCT_US', 'MSH', 'SNOMEDCT_US', 'CPT', 'CHV', 'SNOMEDCT_US']
C0036376	['MSH', 'NCI', 'CHV', 'MSH', 'CHV', 'LCH_NW', 'MSH', 'MSH']
C0036377	['MSH', 'MSH', 'LCH_NW', 'MSH', 'MSH', 'MSH', 'MSH']
C0036378	['MSH', 'CHV', 'MSH', 'CHV', 'MSH', 'MSH']
C0036380	['MSH', 'MSH', 'MSH', 'CHV', 'MSH', 'LCH_NW', 'CHV', 'MSH', 'MSH', 'MSH', 'MSH', 'MSH']
C0036381	['CHV', 'LCH_NW', 'CHV', 'MSH', 'CHV', 'MSH', 'CHV', 'CHV', 'MSH', 'MSH']
C0036382	['CHV', 'CHV', 'MSH', 'MSH', 'MSH', 'MSH', 'CHV', 'CHV', 'MSH', 'LCH_NW', 'MSH']
C0036383	['MSH', 'MSH', 'MSH', 'MSH']
C0036603	['MSH', 'MSH', 'MSH', 'MSH', 'MSH']
C0036951	['MSH', 'MSH', 'LCH_NW', 'PSY', 'MSH', 'MSH']
C0037265	['CHV', 'CHV', 'MSH', 'MSH', 'MSH', 'CHV', 'SNOMEDCT_US', 'MSH', 'CSP', 'HL7V3.0', 'SNOMEDCT_US', 'CHV', 'CHV', 'MSH', 'MSH', 'MSH', 'MSH', 'HL7V3.0', 'NUCCHCPT', 'MSH', 'MSH', 'NCI', 'SNOMEDCT_US', 'MSH', 'CHV', 'SNOMEDCT_US', 'MEDCIN', 'CSP', 'LNC', 'LNC', 'LNC', 'LNC', 'MSH', 'MTH', 'CPT', 'HL7V3.0', 'MEDCIN', 'NCI', 'SNOMEDCT_US', 'CHV', 'NCI_caDSR']
C0037442	['MSH', 'MSH']
C0037782	['MSH', 'MSH', 'MSH', 'MSH']
C0037840	['MSH', 'CHV', 'MSH', 'MSH', 'CHV', 'NCI', 'NCI_NCI-GLOSS', 'MSH', 'CHV', 'LCH_NW']
C0038192	['MSH', 'MSH']
C0038896	['MSH', 'MSH', 'MSH', 'MSH', 'MSH', 'MSH']
C0038942	['MSH', 'MSH']
C0040278	['MSH', 'CHV', 'MSH', 'CSP', 'MSH', 'CHV', 'NCI', 'MSH', 'LCH_NW', 'CHV', 'NCI_CTRP', 'NCI', 'NCI', 'NCI']
C0040786	['CHV', 'MSH', 'CHV', 'MSH', 'MEDCIN', 'MEDCIN', 'MEDCIN', 'SNOMEDCT_US', 'LNC', 'MSH', 'CHV', 'SNOMEDCT_US', 'MSH', 'LCH_NW', 'CHV', 'SNOMEDCT_US']
C0040788	['MSH', 'MSH', 'MSH', 'MSH']
C0041704	['MSH', 'LNC', 'MSH', 'LNC', 'NCI', 'MSH']
C0041708	['MSH']
C0041709	['MSH', 'MSH']
C0041711	['CHV', 'MSH', 'MSH', 'NCI', 'MSH', 'CHV', 'MSH', 'NCI', 'MSH', 'MSH', 'MTH', 'CHV', 'MSH', 'NCI']
C0041714	['CHV', 'CHV', 'CHV', 'NCI_NCI-GLOSS', 'NCI_CDISC-GLOSS', 'MSH', 'MSH', 'NCI', 'NCI_FDA', 'NCI_NCI-GLOSS', 'CHV', 'CHV', 'MSH', 'MSH', 'MSH', 'CHV']
C0041718	['CHV', 'MSH', 'MSH', 'MTH', 'NCI', 'MSH', 'CHV', 'MSH', 'MSH', 'MSH', 'MSH', 'MSH', 'CHV', 'MSH']
C0041720	['MSH', 'MSH', 'NCI', 'MSH']
C0041729	['MSH']
C0041731	['MSH', 'MSH', 'MSH', 'MSH', 'MSH', 'MTH', 'MSH']
C0041734	['CHV', 'CHV', 'CHV', 'MSH', 'MSH', 'CHV', 'NCI', 'CHV', 'NCI', 'MSH', 'MTH', 'NCI', 'MSH', 'HL7V2.5', 'NCI', 'MSH', 'CHV', 'NCI']
C0042078	['MSH', 'MSH', 'MSH', 'MSH', 'MSH', 'MSH']
C0042154	['MSH']
C0042430	['MTH']
C0043030	['NCI', 'NCI', 'MSH', 'NCI_caDSR', 'MSH', 'MSH', 'MSH']
C0043237	['MSH', 'CSP', 'MSH', 'NCI_NCI-GLOSS', 'NCI_PCDC', 'CHV', 'MSH', 'MTH', 'CSP', 'NCI', 'NCI_NCI-GLOSS', 'CHV', 'NCI_caDSR']
C0079256	['MEDCIN', 'MEDCIN', 'MEDCIN', 'SNOMEDCT_US', 'SNOMEDCT_US', 'MSH', 'MTH', 'SNOMEDCT_US', 'MSH']
C0079908	['MSH']
C0080192	['MSH']
C0080193	['MSH']
C0080268	['MSH', 'NCI', 'MSH', 'LNC', 'NCI', 'LNC', 'MSH', 'MSH']
C0085118	['MSH', 'MSH', 'MSH', 'MSH', 'MSH', 'MSH']
C0085141	['CHV', 'CHV', 'CHV', 'MSH', 'NCI', 'MSH', 'MSH', 'LNC', 'CHV', 'NCI', 'NCI_caDSR', 'MSH', 'MSH', 'MSH', 'MSH', 'MTH']
C0085142	['MSH', 'CHV', 'MSH', 'CHV', 'MSH', 'CPT', 'CHV', 'MSH', 'CHV', 'MSH', 'MSH', 'MSH', 'MSH']
C0085904	['MSH', 'MSH', 'MSH', 'MSH', 'MSH', 'MSH', 'MSH', 'MSH', 'MSH', 'MSH', 'SNOMEDCT_US', 'LNC', 'MSH', 'SNOMEDCT_US', 'MSH', 'SNOMEDCT_US']
C0086185	['MSH', 'MSH', 'MSH', 'MSH']
C0086186	['CHV', 'CHV', 'MSH', 'MSH', 'MSH', 'MSH', 'MSH', 'MSH', 'MSH', 'MSH', 'MSH', 'MSH', 'MSH', 'MSH', 'MSH', 'MSH', 'CHV', 'MSH', 'MSH']
C0086187	['MSH', 'CHV', 'CHV', 'MSH']
C0086391	['MSH', 'MSH', 'MSH', 'MSH', 'MSH', 'MSH']
C0086393	['MSH', 'MSH', 'MTH', 'MSH']
C0086422	['MSH', 'CHV', 'MSH', 'CHV', 'MSH', 'MSH']
C0086494	['MSH']
C0086690	['MSH', 'MSH', 'MSH', 'MSH', 'MSH', 'MSH']
C0086849	['MSH', 'MSH', 'CHV']
C0086854	['MSH', 'MSH']
C0087084	['CHV', 'MSH', 'MSH', 'NCI', 'NCI', 'MSH', 'CHV', 'MSH', 'CHV', 'NCI', 'MSH']
C0087172	['MSH', 'MSH', 'MSH', 'MSH', 'MSH', 'MSH', 'SNOMEDCT_US', 'MSH', 'CHV', 'SNOMEDCT_US', 'MSH', 'MTH']
C0104468	['MTH', 'CHV', 'CHV']
C0150767	['MTH', 'LNC', 'NCI', 'NCI_CDISC', 'CHV', 'CHV', 'LNC', 'LNC', 'LNC', 'CHV', 'PSY']
C0165735	['MTH']
C0178547	['CSP', 'LCH_NW']
C0178740	['CHV', 'CHV', 'CSP']
C0181887	['UMD', 'SNOMEDCT_US', 'UMD', 'SNOMEDCT_US', 'SNOMEDCT_US', 'UMD', 'UMD', 'UMD', 'UMD']
C0181889	['UMD', 'UMD', 'SNOMEDCT_US', 'SNOMEDCT_US', 'UMD', 'UMD', 'UMD']
C0181890	['UMD', 'UMD', 'SNOMEDCT_US', 'SNOMEDCT_US', 'UMD', 'UMD', 'UMD']
C0184591	['CCC']
C0205754	['CSP', 'MSH', 'CHV', 'MSH', 'UMD', 'CHV', 'CHV', 'MSH']
C0205986	['MSH', 'MSH', 'MSH']
C0205989	['MSH', 'MSH', 'MSH']
C0206258	['CHV', 'MSH', 'MSH', 'CHV', 'MSH', 'CHV']
C0206512	['MSH', 'MSH', 'MSH', 'MSH', 'MSH', 'MSH', 'MSH', 'MSH', 'MSH', 'MSH', 'MSH', 'MSH']
C0206600	['MSH']
C0206601	['MSH', 'MSH', 'MSH', 'MSH', 'MTH', 'MSH']
C0221502	['PSY', 'CHV', 'CHV']
C0221807	['MEDCIN', 'MEDCIN', 'MEDCIN', 'SNOMEDCT_US', 'CHV', 'SNOMEDCT_US', 'UMD']
C0237500	['PSY', 'MTH', 'PSY', 'MTH']
C0237807	['CHV', 'CPT', 'HCPCS', 'HL7V3.0', 'CHV', 'PSY', 'MTH', 'PSY']
C0242638	['MSH', 'MSH', 'MSH', 'CHV', 'NCI', 'NCI', 'MTH', 'NCI', 'MSH', 'NCI']
C0242794	['CHV', 'MSH', 'CHV']
C0242795	['CHV', 'MSH', 'MSH', 'MSH', 'MSH', 'MSH', 'CHV', 'MSH', 'CHV']
C0242811	['CHV', 'MSH', 'CHV', 'MSH', 'MSH', 'CHV', 'MSH', 'LCH_NW']
C0242884	['MSH', 'MSH', 'MSH', 'MSH', 'MSH', 'MSH']
C0242933	['MSH', 'MSH', 'MSH', 'MSH', 'MSH', 'MSH']
C0242934	['SNOMEDCT_US', 'MSH', 'CHV', 'SNOMEDCT_US', 'MSH', 'CHV', 'MSH', 'MSH', 'MSH', 'MSH']
C0242935	['MSH', 'MSH', 'MSH', 'MSH', 'MSH', 'MSH']
C0242936	['NUCCHCPT', 'HL7V3.0', 'CHV', 'MSH', 'MSH', 'CHV', 'MSH', 'MSH', 'MSH', 'CHV', 'MSH', 'CHV', 'SNOMEDCT_US', 'MSH', 'HL7V3.0', 'SNOMEDCT_US', 'CHV', 'MSH', 'MTH', 'CHV', 'LCH_NW', 'MSH', 'MSH', 'MSH', 'MSH']
C0259944	['LNC', 'CHV']
C0259947	['LCH_NW']
C0259976	['CHV', 'LCH_NW', 'CHV']
C0260015	['MSH', 'MSH', 'MSH', 'MSH', 'MSH', 'MSH', 'MSH', 'MSH', 'LCH_NW']
C0260123	['CHV', 'LCH_NW', 'CHV', 'CHV']
C0260159	['LCH_NW']
C0282197	['MSH', 'MSH', 'MSH', 'MSH', 'MSH', 'MSH', 'MSH', 'MSH', 'MSH', 'CHV', 'MSH', 'CHV', 'MSH', 'MSH']
C0282389	['CHV', 'MSH', 'MSH', 'MSH', 'CHV', 'MSH']
C0282484	['CHV', 'MSH', 'MSH', 'MTH', 'MSH', 'MSH', 'MSH', 'MSH']
C0282593	['MSH', 'MSH', 'LCH_NW']
C0282598	['MSH', 'MSH', 'MSH', 'MSH', 'MSH', 'MSH']
C0282599	['CHV', 'MSH', 'CHV']
C0282622	['MSH', 'MSH', 'MSH', 'MSH', 'MSH', 'MSH']
C0331760	['CHV']
C0331761	['CHV']
C0331763	['MTH', 'CHV', 'CHV']
C0331769	['CHV']
C0331771	['CHV']
C0331772	['CHV']
C0331774	['MTH', 'HL7V3.0', 'CHV', 'HL7V2.5', 'MVX']
C0331775	['CHV']
C0331778	['MTH', 'CHV', 'CHV']
C0331779	['CHV']
C0331782	['CHV']
C0331784	['CHV']
C0331787	['CHV']
C0331790	['CHV', 'CHV']
C0331791	['MTH']
C0331792	['CHV', 'CHV']
C0331793	['CHV']
C0331797	['CHV', 'CHV', 'CHV']
C0331799	['CHV']
C0331800	['CHV']
C0331804	['CHV']
C0331805	['CHV']
C0331809	['MTH']
C0331812	['CHV']
C0331813	['MTH']
C0331815	['CHV']
C0331818	['CHV']
C0331820	['CHV']
C0331821	['CHV']
C0331822	['CHV']
C0331828	['CHV']
C0331835	['CHV']
C0331836	['CHV']
C0331842	['NCI', 'NCI', 'NCI_caDSR', 'NCI', 'CHV', 'MVX', 'NCI', 'CHV', 'NCI']
C0331843	['CHV', 'MVX', 'NCI', 'NCI_caDSR']
C0331846	['CHV']
C0331847	['CHV']
C0331848	['MTH', 'CHV', 'CHV']
C0331850	['HL7V3.0', 'CHV', 'HL7V2.5', 'MVX']
C0331851	['CHV', 'CHV']
C0331853	['CHV']
C0331857	['CHV', 'CHV']
C0331858	['MTH', 'CHV']
C0331860	['CHV']
C0331862	['MTH', 'CHV']
C0331869	['CHV']
C0331872	['CHV']
C0331873	['MTH', 'CHV']
C0331875	['CHV']
C0331877	['MTH']
C0331880	['NCI', 'CHV']
C0331881	['MTH']
C0331883	['CHV']
C0331885	['CHV']
C0331888	['CHV', 'NCI', 'NCI_caDSR']
C0331889	['CHV']
C0331892	['CHV']
C0331893	['CHV']
C0331895	['CHV']
C0331897	['CHV']
C0331898	['CHV']
C0331900	['CHV', 'CHV']
C0331902	['CHV']
C0331903	['MTH', 'CHV', 'CHV']
C0331904	['CHV']
C0331906	['MTH', 'CHV']
C0331908	['MTH', 'CHV', 'CHV']
C0331909	['CHV', 'CHV']
C0331910	['CHV']
C0331911	['CHV']
C0331912	['CHV', 'CHV']
C0331920	['CHV']
C0331922	['CHV']
C0331925	['CHV']
C0331928	['CHV']
C0331931	['CHV']
C0331933	['CHV', 'CHV', 'HL7V3.0', 'HL7V3.0', 'CHV', 'HL7V2.5', 'MVX']
C0331935	['CHV', 'CHV']
C0331936	['CHV', 'CHV']
C0331937	['CHV']
C0331945	['CHV', 'CHV']
C0331946	['MTH', 'CHV', 'CHV']
C0331947	['HL7V3.0', 'CHV', 'HL7V2.5', 'MVX']
C0331949	['MTH', 'CHV', 'MTH']
C0331950	['CHV']
C0331953	['CHV']
C0331955	['CHV']
C0331965	['MTH', 'CHV']
C0331968	['MTH', 'CHV']
C0331969	['CHV']
C0331973	['CHV']
C0331976	['CHV']
C0331980	['CHV']
C0331988	['CHV']
C0331991	['CHV']
C0331993	['MTH', 'CHV', 'CHV']
C0332001	['CHV']
C0332014	['CHV']
C0332020	['CHV']
C0332024	['MTH', 'CHV']
C0332030	['CHV']
C0332048	['CHV']
C0332050	['MTH']
C0332051	['CHV']
C0332054	['MTH']
C0332060	['CHV']
C0332081	['CHV', 'CHV']
C0332083	['MTH']
C0332098	['MTH']
C0337952	['MEDCIN', 'MEDCIN', 'MEDCIN', 'SNOMEDCT_US', 'SNOMEDCT_US']
C0337953	['MEDCIN', 'MEDCIN', 'MEDCIN', 'SNOMEDCT_US', 'SNOMEDCT_US']
C0337954	['MEDCIN', 'MEDCIN', 'MEDCIN', 'SNOMEDCT_US', 'SNOMEDCT_US']
C0337955	['MEDCIN', 'MEDCIN', 'MEDCIN', 'SNOMEDCT_US', 'SNOMEDCT_US']
C0337956	['SNOMEDCT_US', 'SNOMEDCT_US']
C0337957	['SNOMEDCT_US', 'SNOMEDCT_US', 'SNOMEDCT_US']
C0337960	['MEDCIN', 'MEDCIN', 'MEDCIN', 'SNOMEDCT_US', 'SNOMEDCT_US']
C0337961	['MEDCIN', 'MEDCIN', 'MEDCIN', 'CHV', 'CHV', 'SNOMEDCT_US', 'SNOMEDCT_US', 'SNOMEDCT_US']
C0337962	['MEDCIN', 'MEDCIN', 'MEDCIN', 'CHV', 'MSH', 'CHV', 'MSH', 'HL7V3.0', 'NUCCHCPT', 'SNOMEDCT_US', 'LNC', 'MTH', 'CHV', 'HL7V3.0', 'SNOMEDCT_US', 'MSH']
C0337963	['SNOMEDCT_US', 'SNOMEDCT_US', 'SNOMEDCT_US']
C0337964	['MEDCIN', 'MEDCIN', 'MEDCIN', 'SNOMEDCT_US', 'CHV', 'SNOMEDCT_US', 'CHV']
C0337965	['MEDCIN', 'MEDCIN', 'MEDCIN', 'SNOMEDCT_US', 'SNOMEDCT_US']
C0337966	['MEDCIN', 'MEDCIN', 'MEDCIN', 'SNOMEDCT_US', 'MSH', 'SNOMEDCT_US', 'MSH', 'MSH', 'MSH']
C0337968	['MEDCIN', 'MEDCIN', 'MEDCIN', 'SNOMEDCT_US', 'SNOMEDCT_US']
C0337969	['MEDCIN', 'MEDCIN', 'MEDCIN', 'SNOMEDCT_US', 'SNOMEDCT_US']
C0337970	['MEDCIN', 'MEDCIN', 'MEDCIN', 'SNOMEDCT_US', 'SNOMEDCT_US']
C0337971	['MEDCIN', 'MEDCIN', 'MEDCIN', 'SNOMEDCT_US', 'SNOMEDCT_US']
C0337972	['MEDCIN', 'MEDCIN', 'MEDCIN', 'SNOMEDCT_US', 'SNOMEDCT_US', 'SNOMEDCT_US']
C0337973	['MEDCIN', 'MEDCIN', 'MEDCIN', 'SNOMEDCT_US', 'SNOMEDCT_US', 'SNOMEDCT_US']
C0337974	['MEDCIN', 'MEDCIN', 'MEDCIN', 'SNOMEDCT_US', 'SNOMEDCT_US', 'SNOMEDCT_US']
C0337975	['MEDCIN', 'MEDCIN', 'MEDCIN', 'SNOMEDCT_US', 'SNOMEDCT_US']
C0337976	['MEDCIN', 'MEDCIN', 'MEDCIN', 'SNOMEDCT_US', 'SNOMEDCT_US']
C0337977	['SNOMEDCT_US', 'SNOMEDCT_US', 'SNOMEDCT_US']
C0337978	['MEDCIN', 'MEDCIN', 'MEDCIN', 'SNOMEDCT_US', 'SNOMEDCT_US']
C0337979	['MEDCIN', 'MEDCIN', 'MEDCIN', 'SNOMEDCT_US', 'SNOMEDCT_US']
C0337980	['MEDCIN', 'MEDCIN', 'MEDCIN', 'SNOMEDCT_US', 'SNOMEDCT_US']
C0337981	['MEDCIN', 'MEDCIN', 'MEDCIN', 'SNOMEDCT_US', 'SNOMEDCT_US']
C0337982	['MEDCIN', 'MEDCIN', 'MEDCIN', 'SNOMEDCT_US', 'SNOMEDCT_US', 'SNOMEDCT_US']
C0337983	['MEDCIN', 'MEDCIN', 'MEDCIN', 'SNOMEDCT_US', 'SNOMEDCT_US']
C0337984	['MEDCIN', 'MEDCIN', 'MEDCIN', 'SNOMEDCT_US', 'SNOMEDCT_US', 'SNOMEDCT_US']
C0337985	['MEDCIN', 'MEDCIN', 'MEDCIN', 'SNOMEDCT_US', 'SNOMEDCT_US', 'SNOMEDCT_US']
C0337986	['MEDCIN', 'MEDCIN', 'MEDCIN', 'SNOMEDCT_US', 'SNOMEDCT_US']
C0337987	['MEDCIN', 'MEDCIN', 'MEDCIN', 'SNOMEDCT_US', 'SNOMEDCT_US', 'SNOMEDCT_US']
C0337988	['MEDCIN', 'MEDCIN', 'MEDCIN', 'SNOMEDCT_US', 'SNOMEDCT_US']
C0337989	['MEDCIN', 'MEDCIN', 'MEDCIN', 'SNOMEDCT_US', 'SNOMEDCT_US']
C0337990	['MEDCIN', 'MEDCIN', 'MEDCIN', 'SNOMEDCT_US', 'SNOMEDCT_US', 'SNOMEDCT_US']
C0337991	['MEDCIN', 'MEDCIN', 'MEDCIN', 'SNOMEDCT_US', 'SNOMEDCT_US']
C0337992	['MEDCIN', 'MEDCIN', 'MEDCIN', 'SNOMEDCT_US', 'SNOMEDCT_US']
C0337993	['MEDCIN', 'MEDCIN', 'MEDCIN', 'SNOMEDCT_US', 'SNOMEDCT_US', 'SNOMEDCT_US']
C0337994	['MEDCIN', 'MEDCIN', 'MEDCIN', 'SNOMEDCT_US', 'SNOMEDCT_US']
C0337995	['MEDCIN', 'MEDCIN', 'MEDCIN', 'SNOMEDCT_US', 'SNOMEDCT_US', 'SNOMEDCT_US']
C0337996	['MEDCIN', 'MEDCIN', 'MEDCIN', 'SNOMEDCT_US', 'SNOMEDCT_US', 'SNOMEDCT_US', 'SNOMEDCT_US']
C0337997	['MEDCIN', 'MEDCIN', 'MEDCIN', 'SNOMEDCT_US', 'SNOMEDCT_US']
C0337998	['SNOMEDCT_US', 'SNOMEDCT_US']
C0337999	['SNOMEDCT_US', 'SNOMEDCT_US']
C0338001	['SNOMEDCT_US', 'SNOMEDCT_US', 'SNOMEDCT_US']
C0338002	['SNOMEDCT_US', 'SNOMEDCT_US']
C0338003	['SNOMEDCT_US', 'SNOMEDCT_US']
C0338004	['SNOMEDCT_US', 'SNOMEDCT_US']
C0338005	['SNOMEDCT_US', 'SNOMEDCT_US']
C0338006	['SNOMEDCT_US', 'SNOMEDCT_US', 'SNOMEDCT_US']
C0338007	['SNOMEDCT_US', 'SNOMEDCT_US', 'SNOMEDCT_US']
C0338008	['SNOMEDCT_US', 'SNOMEDCT_US', 'SNOMEDCT_US']
C0338009	['SNOMEDCT_US', 'SNOMEDCT_US']
C0338010	['SNOMEDCT_US', 'SNOMEDCT_US']
C0338011	['SNOMEDCT_US', 'SNOMEDCT_US', 'SNOMEDCT_US']
C0338012	['SNOMEDCT_US', 'SNOMEDCT_US']
C0338013	['SNOMEDCT_US', 'SNOMEDCT_US']
C0338014	['SNOMEDCT_US', 'SNOMEDCT_US']
C0338015	['SNOMEDCT_US', 'SNOMEDCT_US']
C0338016	['SNOMEDCT_US', 'SNOMEDCT_US', 'SNOMEDCT_US']
C0338017	['SNOMEDCT_US', 'SNOMEDCT_US']
C0338018	['SNOMEDCT_US', 'SNOMEDCT_US', 'SNOMEDCT_US']
C0338019	['SNOMEDCT_US', 'SNOMEDCT_US', 'SNOMEDCT_US']
C0338020	['SNOMEDCT_US', 'SNOMEDCT_US']
C0338021	['SNOMEDCT_US', 'SNOMEDCT_US', 'SNOMEDCT_US']
C0338022	['SNOMEDCT_US', 'SNOMEDCT_US', 'SNOMEDCT_US']
C0338024	['SNOMEDCT_US', 'SNOMEDCT_US', 'SNOMEDCT_US']
C0338025	['SNOMEDCT_US', 'SNOMEDCT_US']
C0338026	['SNOMEDCT_US', 'SNOMEDCT_US']
C0338027	['SNOMEDCT_US', 'SNOMEDCT_US', 'SNOMEDCT_US']
C0338028	['SNOMEDCT_US', 'SNOMEDCT_US']
C0338029	['SNOMEDCT_US', 'SNOMEDCT_US', 'SNOMEDCT_US']
C0338030	['SNOMEDCT_US', 'SNOMEDCT_US', 'SNOMEDCT_US']
C0338031	['MEDCIN', 'MEDCIN', 'MEDCIN', 'SNOMEDCT_US', 'SNOMEDCT_US']
C0338032	['SNOMEDCT_US', 'SNOMEDCT_US']
C0338033	['SNOMEDCT_US', 'SNOMEDCT_US']
C0338034	['CHV', 'CHV', 'CHV', 'PSY', 'SNOMEDCT_US', 'MTH', 'NCI', 'SNOMEDCT_US', 'CHV', 'NCI_caDSR']
C0338035	['SNOMEDCT_US', 'SNOMEDCT_US', 'SNOMEDCT_US', 'SNOMEDCT_US']
C0338037	['CHV', 'CHV', 'CHV', 'SNOMEDCT_US', 'SNOMEDCT_US', 'SNOMEDCT_US']
C0338039	['SNOMEDCT_US', 'SNOMEDCT_US', 'SNOMEDCT_US']
C0338040	['SNOMEDCT_US', 'SNOMEDCT_US', 'SNOMEDCT_US']
C0338042	['MEDCIN', 'SNOMEDCT_US', 'MEDCIN', 'MEDCIN', 'SNOMEDCT_US']
C0338043	['MEDCIN', 'SNOMEDCT_US', 'MEDCIN', 'MEDCIN', 'SNOMEDCT_US']
C0338044	['MEDCIN', 'SNOMEDCT_US', 'MEDCIN', 'MEDCIN', 'SNOMEDCT_US']
C0338045	['MEDCIN', 'SNOMEDCT_US', 'MEDCIN', 'MEDCIN', 'SNOMEDCT_US']
C0338048	['SNOMEDCT_US', 'SNOMEDCT_US', 'SNOMEDCT_US']
C0338049	['SNOMEDCT_US', 'SNOMEDCT_US', 'SNOMEDCT_US']
C0338050	['SNOMEDCT_US', 'SNOMEDCT_US', 'SNOMEDCT_US']
C0338051	['SNOMEDCT_US', 'SNOMEDCT_US']
C0338052	['SNOMEDCT_US', 'SNOMEDCT_US']
C0338053	['SNOMEDCT_US', 'SNOMEDCT_US', 'SNOMEDCT_US']
C0392738	['MTH']
C0392739	['MTH']
C0392740	['CHV', 'MTH', 'CHV', 'HL7V3.0', 'HL7V2.5', 'MVX', 'CHV', 'CHV']
C0425204	['MEDCIN', 'MEDCIN', 'MEDCIN', 'SNOMEDCT_US', 'SNOMEDCT_US']
C0438942	['SNOMEDCT_US', 'SNOMEDCT_US']
C0442592	['SNOMEDCT_US', 'NCI_FDA', 'LNC', 'MTH', 'CHV', 'NCI', 'NCI_CDISC', 'SNOMEDCT_US', 'LCH_NW', 'PSY', 'CHV']
C0442593	['SNOMEDCT_US', 'SNOMEDCT_US', 'SNOMEDCT_US', 'SNOMEDCT_US', 'SNOMEDCT_US']
C0454885	['SNOMEDCT_US', 'SNOMEDCT_US', 'SNOMEDCT_US']
C0454900	['SNOMEDCT_US', 'SNOMEDCT_US', 'SNOMEDCT_US']
C0454901	['SNOMEDCT_US', 'SNOMEDCT_US', 'SNOMEDCT_US']
C0470690	['MTH']
C0470764	['CHV']
C0470927	['CHV']
C0470941	['CHV']
C0471011	['CHV']
C0471023	['MTH']
C0471068	['MTH', 'CHV']
C0471146	['MTH', 'CHV']
C0471618	['CHV']
C0475309	['CHV', 'CHV', 'CHV', 'SNOMEDCT_US', 'SNOMEDCT_US', 'SNOMEDCT_US', 'LNC', 'CHV', 'NCI', 'SNOMEDCT_US', 'NCI_caDSR', 'SNOMEDCT_US', 'CHV', 'NCI']
C0525051	['MSH', 'MSH', 'CHV', 'MSH', 'MSH', 'CHV', 'MSH', 'MSH', 'MSH', 'MSH']
C0555967	['SNOMEDCT_US', 'SNOMEDCT_US']
C0555968	['SNOMEDCT_US', 'SNOMEDCT_US', 'SNOMEDCT_US']
C0557632	['SNOMEDCT_US', 'SNOMEDCT_US']
C0557633	['SNOMEDCT_US', 'SNOMEDCT_US']
C0557640	['MEDCIN', 'MEDCIN', 'MEDCIN', 'SNOMEDCT_US', 'SNOMEDCT_US']
C0557819	['SNOMEDCT_US', 'SNOMEDCT_US', 'MEDCIN', 'MEDCIN', 'MEDCIN']
C0557820	['SNOMEDCT_US', 'SNOMEDCT_US']
C0557821	['SNOMEDCT_US', 'SNOMEDCT_US', 'SNOMEDCT_US']
C0557824	['MEDCIN', 'MEDCIN', 'MEDCIN', 'SNOMEDCT_US', 'SNOMEDCT_US', 'SNOMEDCT_US', 'SNOMEDCT_US', 'SNOMEDCT_US']
C0557829	['CHV', 'SNOMEDCT_US', 'CHV', 'SNOMEDCT_US']
C0557847	['SNOMEDCT_US', 'SNOMEDCT_US', 'MEDCIN', 'MEDCIN', 'MEDCIN']
C0557850	['MEDCIN', 'MEDCIN', 'MEDCIN', 'SNOMEDCT_US', 'SNOMEDCT_US', 'LNC', 'NCI', 'NCI_CDISC', 'SNOMEDCT_US', 'LNC']
C0557853	['MEDCIN', 'MEDCIN', 'MEDCIN', 'SNOMEDCT_US', 'SNOMEDCT_US']
C0558600	['CHV', 'SNOMEDCT_US', 'CHV', 'SNOMEDCT_US']
C0558684	['SNOMEDCT_US', 'SNOMEDCT_US', 'SNOMEDCT_US']
C0559954	['SNOMEDCT_US', 'SNOMEDCT_US']
C0562508	['SNOMEDCT_US', 'SNOMEDCT_US', 'MSH', 'MTH', 'SNOMEDCT_US', 'CHV', 'SNOMEDCT_US', 'SNOMEDCT_US', 'MSH', 'MSH', 'NCI_caDSR', 'CHV', 'MSH', 'LNC', 'LNC', 'LNC', 'LNC', 'MSH', 'CHV', 'NCI', 'MSH', 'MSH', 'CHV', 'MSH', 'MSH', 'LNC', 'CHV', 'HL7V3.0', 'NCI', 'NCI_FDA', 'NCI_caDSR', 'MSH', 'CHV', 'CHV', 'MSH', 'MSH', 'MSH', 'MSH', 'MSH', 'MSH', 'NCI_caDSR', 'MSH', 'MEDCIN', 'MEDCIN', 'MEDCIN', 'MSH', 'MSH', 'MSH', 'MSH', 'MSH', 'MSH', 'LCH_NW', 'MSH', 'MSH', 'MSH', 'MSH', 'MSH', 'MSH', 'MSH', 'MSH', 'MSH', 'MSH', 'MSH', 'MSH']
C0562708	['SNOMEDCT_US', 'SNOMEDCT_US', 'SNOMEDCT_US', 'SNOMEDCT_US']
C0565990	['SNOMEDCT_US', 'CHV', 'MTH', 'CHV', 'SNOMEDCT_US', 'CHV', 'SNOMEDCT_US', 'CHV']
C0565997	['SNOMEDCT_US', 'SNOMEDCT_US']
C0581047	['CHV', 'CHV', 'SNOMEDCT_US', 'CHV', 'SNOMEDCT_US']
C0581048	['SNOMEDCT_US', 'SNOMEDCT_US']
C0581049	['SNOMEDCT_US', 'SNOMEDCT_US', 'SNOMEDCT_US']
C0581050	['SNOMEDCT_US', 'SNOMEDCT_US']
C0581051	['SNOMEDCT_US', 'SNOMEDCT_US']
C0587437	['MSH', 'CHV', 'MSH', 'MSH', 'MSH', 'MSH', 'MSH', 'MEDCIN', 'MEDCIN', 'MEDCIN', 'MSH', 'MSH', 'MSH', 'MSH', 'MSH', 'MSH', 'MSH', 'MSH', 'MSH', 'CHV', 'SNOMEDCT_US', 'MSH', 'SNOMEDCT_US', 'MSH', 'MSH', 'MSH', 'SNOMEDCT_US', 'MSH', 'SNOMEDCT_US', 'SNOMEDCT_US', 'MSH', 'SNOMEDCT_US', 'MSH']
C0587438	['SNOMEDCT_US', 'PSY', 'CHV', 'SNOMEDCT_US', 'LCH_NW', 'CHV', 'MEDCIN', 'MEDCIN', 'MEDCIN', 'CHV']
C0587439	['MEDCIN', 'MEDCIN', 'MEDCIN', 'SNOMEDCT_US', 'SNOMEDCT_US']
C0587440	['MEDCIN', 'MEDCIN', 'MEDCIN', 'SNOMEDCT_US', 'SNOMEDCT_US']
C0587441	['SNOMEDCT_US', 'SNOMEDCT_US', 'MEDCIN', 'MEDCIN']
C0587442	['SNOMEDCT_US', 'SNOMEDCT_US']
C0587443	['SNOMEDCT_US', 'SNOMEDCT_US']
C0587444	['SNOMEDCT_US', 'SNOMEDCT_US']
C0587445	['SNOMEDCT_US', 'SNOMEDCT_US', 'SNOMEDCT_US', 'MEDCIN', 'MEDCIN', 'MEDCIN']
C0587446	['SNOMEDCT_US', 'CHV', 'SNOMEDCT_US', 'SNOMEDCT_US', 'MEDCIN', 'MEDCIN', 'MEDCIN']
C0587447	['MEDCIN', 'MEDCIN', 'MEDCIN', 'SNOMEDCT_US', 'SNOMEDCT_US', 'SNOMEDCT_US']
C0587448	['MEDCIN', 'MEDCIN', 'MEDCIN', 'SNOMEDCT_US', 'SNOMEDCT_US', 'SNOMEDCT_US']
C0587449	['MEDCIN', 'MEDCIN', 'MEDCIN', 'SNOMEDCT_US', 'SNOMEDCT_US', 'SNOMEDCT_US']
C0587450	['CHV', 'SNOMEDCT_US', 'MTH', 'CHV', 'SNOMEDCT_US']
C0587451	['SNOMEDCT_US', 'MTH', 'SNOMEDCT_US']
C0587452	['SNOMEDCT_US', 'CHV', 'SNOMEDCT_US']
C0587453	['SNOMEDCT_US', 'MTH', 'CHV', 'SNOMEDCT_US', 'CHV']
C0587454	['SNOMEDCT_US', 'MTH', 'SNOMEDCT_US']
C0587455	['SNOMEDCT_US', 'SNOMEDCT_US']
C0587456	['SNOMEDCT_US', 'SNOMEDCT_US']
C0587457	['SNOMEDCT_US', 'MTH', 'SNOMEDCT_US']
C0587458	['SNOMEDCT_US', 'MTH', 'SNOMEDCT_US']
C0587459	['SNOMEDCT_US', 'MTH', 'SNOMEDCT_US']
C0587460	['SNOMEDCT_US', 'MTH', 'SNOMEDCT_US']
C0587461	['SNOMEDCT_US', 'MTH', 'SNOMEDCT_US']
C0587462	['SNOMEDCT_US', 'SNOMEDCT_US']
C0587463	['SNOMEDCT_US', 'MTH', 'SNOMEDCT_US']
C0587464	['SNOMEDCT_US', 'MTH', 'SNOMEDCT_US']
C0587465	['SNOMEDCT_US', 'SNOMEDCT_US']
C0587466	['SNOMEDCT_US', 'MTH', 'SNOMEDCT_US']
C0587467	['SNOMEDCT_US', 'MTH', 'SNOMEDCT_US']
C0587468	['SNOMEDCT_US', 'MTH', 'SNOMEDCT_US']
C0587469	['SNOMEDCT_US', 'MTH', 'SNOMEDCT_US']
C0587470	['SNOMEDCT_US', 'MTH', 'SNOMEDCT_US', 'SNOMEDCT_US', 'SNOMEDCT_US', 'SNOMEDCT_US']
C0587471	['SNOMEDCT_US', 'MTH', 'SNOMEDCT_US', 'SNOMEDCT_US']
C0587472	['SNOMEDCT_US', 'SNOMEDCT_US']
C0587473	['SNOMEDCT_US', 'SNOMEDCT_US']
C0587474	['SNOMEDCT_US', 'MTH', 'SNOMEDCT_US']
C0587475	['SNOMEDCT_US', 'MTH', 'SNOMEDCT_US']
C0587476	['SNOMEDCT_US', 'MTH', 'SNOMEDCT_US']
C0587477	['SNOMEDCT_US', 'SNOMEDCT_US']
C0587478	['SNOMEDCT_US', 'SNOMEDCT_US']
C0587479	['SNOMEDCT_US', 'MTH', 'SNOMEDCT_US']
C0587480	['SNOMEDCT_US', 'SNOMEDCT_US', 'SNOMEDCT_US']
C0587481	['SNOMEDCT_US', 'SNOMEDCT_US', 'SNOMEDCT_US']
C0587482	['CHV', 'SNOMEDCT_US', 'SNOMEDCT_US', 'CHV', 'SNOMEDCT_US']
C0587483	['SNOMEDCT_US', 'SNOMEDCT_US', 'SNOMEDCT_US']
C0587484	['SNOMEDCT_US', 'SNOMEDCT_US', 'SNOMEDCT_US']
C0587485	['SNOMEDCT_US', 'SNOMEDCT_US', 'SNOMEDCT_US']
C0587486	['SNOMEDCT_US', 'SNOMEDCT_US']
C0587487	['CHV', 'SNOMEDCT_US', 'CHV', 'SNOMEDCT_US']
C0587488	['SNOMEDCT_US', 'MTH', 'SNOMEDCT_US']
C0587489	['SNOMEDCT_US', 'SNOMEDCT_US', 'SNOMEDCT_US']
C0587490	['SNOMEDCT_US', 'SNOMEDCT_US']
C0587491	['SNOMEDCT_US', 'SNOMEDCT_US', 'SNOMEDCT_US']
C0587492	['SNOMEDCT_US', 'SNOMEDCT_US']
C0587493	['SNOMEDCT_US', 'SNOMEDCT_US']
C0587494	['SNOMEDCT_US', 'SNOMEDCT_US']
C0587495	['SNOMEDCT_US', 'SNOMEDCT_US']
C0587496	['SNOMEDCT_US', 'SNOMEDCT_US']
C0587497	['SNOMEDCT_US', 'SNOMEDCT_US', 'SNOMEDCT_US', 'SNOMEDCT_US']
C0587498	['SNOMEDCT_US', 'SNOMEDCT_US']
C0587499	['SNOMEDCT_US', 'SNOMEDCT_US']
C0587500	['CHV', 'SNOMEDCT_US', 'CHV', 'NCI', 'NCI_FDA', 'SNOMEDCT_US']
C0587501	['SNOMEDCT_US', 'SNOMEDCT_US']
C0587502	['SNOMEDCT_US', 'LNC', 'CHV', 'SNOMEDCT_US', 'CHV']
C0587503	['SNOMEDCT_US', 'SNOMEDCT_US']
C0587504	['SNOMEDCT_US', 'SNOMEDCT_US']
C0587505	['SNOMEDCT_US', 'SNOMEDCT_US']
C0587506	['SNOMEDCT_US', 'SNOMEDCT_US']
C0587507	['SNOMEDCT_US', 'SNOMEDCT_US']
C0587508	['SNOMEDCT_US', 'SNOMEDCT_US']
C0587509	['SNOMEDCT_US', 'SNOMEDCT_US']
C0587510	['SNOMEDCT_US', 'SNOMEDCT_US', 'SNOMEDCT_US']
C0587511	['SNOMEDCT_US', 'SNOMEDCT_US']
C0587512	['SNOMEDCT_US', 'SNOMEDCT_US', 'SNOMEDCT_US']
C0587513	['SNOMEDCT_US', 'SNOMEDCT_US']
C0587514	['SNOMEDCT_US', 'SNOMEDCT_US', 'SNOMEDCT_US', 'SNOMEDCT_US']
C0587515	['SNOMEDCT_US', 'SNOMEDCT_US']
C0587516	['SNOMEDCT_US', 'SNOMEDCT_US']
C0587517	['SNOMEDCT_US', 'SNOMEDCT_US']
C0587518	['SNOMEDCT_US', 'SNOMEDCT_US']
C0587519	['SNOMEDCT_US', 'SNOMEDCT_US']
C0587520	['SNOMEDCT_US', 'SNOMEDCT_US']
C0587521	['SNOMEDCT_US', 'SNOMEDCT_US']
C0587522	['SNOMEDCT_US', 'SNOMEDCT_US']
C0587523	['SNOMEDCT_US', 'SNOMEDCT_US']
C0587524	['SNOMEDCT_US', 'SNOMEDCT_US']
C0587525	['SNOMEDCT_US', 'SNOMEDCT_US', 'SNOMEDCT_US']
C0587526	['SNOMEDCT_US', 'SNOMEDCT_US']
C0587527	['SNOMEDCT_US', 'SNOMEDCT_US', 'SNOMEDCT_US']
C0587528	['SNOMEDCT_US', 'SNOMEDCT_US']
C0587529	['SNOMEDCT_US', 'SNOMEDCT_US']
C0587530	['SNOMEDCT_US', 'SNOMEDCT_US']
C0587531	['CHV', 'SNOMEDCT_US', 'CHV', 'SNOMEDCT_US']
C0587532	['SNOMEDCT_US', 'SNOMEDCT_US']
C0587533	['SNOMEDCT_US', 'SNOMEDCT_US']
C0587536	['SNOMEDCT_US', 'SNOMEDCT_US', 'SNOMEDCT_US', 'SNOMEDCT_US']
C0587537	['SNOMEDCT_US', 'SNOMEDCT_US', 'SNOMEDCT_US']
C0587538	['SNOMEDCT_US', 'CHV', 'SNOMEDCT_US', 'CHV']
C0587539	['SNOMEDCT_US', 'SNOMEDCT_US']
C0587540	['SNOMEDCT_US', 'SNOMEDCT_US']
C0587541	['SNOMEDCT_US', 'SNOMEDCT_US']
C0587542	['SNOMEDCT_US', 'SNOMEDCT_US']
C0587543	['SNOMEDCT_US', 'SNOMEDCT_US', 'SNOMEDCT_US']
C0587544	['SNOMEDCT_US', 'SNOMEDCT_US']
C0587545	['SNOMEDCT_US', 'SNOMEDCT_US']
C0587546	['SNOMEDCT_US', 'SNOMEDCT_US']
C0587547	['SNOMEDCT_US', 'SNOMEDCT_US']
C0587548	['SNOMEDCT_US', 'SNOMEDCT_US']
C0587550	['SNOMEDCT_US', 'SNOMEDCT_US', 'SNOMEDCT_US']
C0587551	['SNOMEDCT_US', 'SNOMEDCT_US']
C0587552	['SNOMEDCT_US', 'SNOMEDCT_US']
C0587553	['SNOMEDCT_US', 'SNOMEDCT_US', 'SNOMEDCT_US']
C0587554	['SNOMEDCT_US', 'SNOMEDCT_US']
C0587555	['SNOMEDCT_US', 'SNOMEDCT_US']
C0587556	['SNOMEDCT_US', 'SNOMEDCT_US']
C0587557	['SNOMEDCT_US', 'SNOMEDCT_US', 'SNOMEDCT_US']
C0587558	['SNOMEDCT_US', 'SNOMEDCT_US']
C0587559	['SNOMEDCT_US', 'SNOMEDCT_US']
C0587560	['SNOMEDCT_US', 'SNOMEDCT_US']
C0587561	['SNOMEDCT_US', 'SNOMEDCT_US']
C0587562	['SNOMEDCT_US', 'SNOMEDCT_US', 'SNOMEDCT_US']
C0587563	['SNOMEDCT_US', 'SNOMEDCT_US']
C0587564	['SNOMEDCT_US', 'SNOMEDCT_US']
C0587565	['SNOMEDCT_US', 'SNOMEDCT_US']
C0587566	['SNOMEDCT_US', 'SNOMEDCT_US', 'SNOMEDCT_US']
C0587567	['SNOMEDCT_US', 'SNOMEDCT_US', 'SNOMEDCT_US']
C0587568	['SNOMEDCT_US', 'SNOMEDCT_US', 'SNOMEDCT_US', 'SNOMEDCT_US', 'SNOMEDCT_US']
C0587577	['SNOMEDCT_US', 'MTH', 'SNOMEDCT_US']
C0587578	['SNOMEDCT_US', 'MTH', 'SNOMEDCT_US']
C0587579	['SNOMEDCT_US', 'MTH', 'SNOMEDCT_US']
C0587581	['SNOMEDCT_US', 'MTH', 'SNOMEDCT_US']
C0587590	['SNOMEDCT_US', 'MTH', 'SNOMEDCT_US']
C0587594	['SNOMEDCT_US', 'SNOMEDCT_US', 'SNOMEDCT_US']
C0587595	['SNOMEDCT_US', 'MEDCIN', 'MEDCIN', 'SNOMEDCT_US', 'SNOMEDCT_US']
C0587596	['SNOMEDCT_US', 'SNOMEDCT_US']
C0587598	['SNOMEDCT_US', 'SNOMEDCT_US']
C0587600	['SNOMEDCT_US', 'SNOMEDCT_US', 'SNOMEDCT_US']
C0587601	['SNOMEDCT_US', 'SNOMEDCT_US', 'SNOMEDCT_US']
C0587602	['SNOMEDCT_US', 'SNOMEDCT_US', 'SNOMEDCT_US']
C0587603	['SNOMEDCT_US', 'SNOMEDCT_US', 'SNOMEDCT_US', 'SNOMEDCT_US']
C0587604	['SNOMEDCT_US', 'SNOMEDCT_US']
C0587605	['SNOMEDCT_US', 'MTH', 'SNOMEDCT_US', 'HL7V3.0']
C0587609	['SNOMEDCT_US', 'SNOMEDCT_US', 'SNOMEDCT_US']
C0587611	['SNOMEDCT_US', 'SNOMEDCT_US']
C0587612	['SNOMEDCT_US', 'SNOMEDCT_US']
C0587613	['SNOMEDCT_US', 'SNOMEDCT_US']
C0587614	['SNOMEDCT_US', 'SNOMEDCT_US']
C0587615	['SNOMEDCT_US', 'SNOMEDCT_US']
C0587616	['SNOMEDCT_US', 'SNOMEDCT_US']
C0587617	['SNOMEDCT_US', 'SNOMEDCT_US']
C0587618	['SNOMEDCT_US', 'SNOMEDCT_US']
C0587619	['SNOMEDCT_US', 'SNOMEDCT_US', 'MTH', 'SNOMEDCT_US']
C0587620	['SNOMEDCT_US', 'SNOMEDCT_US', 'SNOMEDCT_US', 'SNOMEDCT_US']
C0587621	['SNOMEDCT_US', 'SNOMEDCT_US', 'SNOMEDCT_US', 'SNOMEDCT_US']
C0587622	['SNOMEDCT_US', 'SNOMEDCT_US']
C0587623	['SNOMEDCT_US', 'SNOMEDCT_US', 'SNOMEDCT_US']
C0587624	['SNOMEDCT_US', 'SNOMEDCT_US', 'SNOMEDCT_US']
C0587625	['SNOMEDCT_US', 'SNOMEDCT_US']
C0587626	['SNOMEDCT_US', 'SNOMEDCT_US', 'SNOMEDCT_US']
C0587627	['SNOMEDCT_US', 'SNOMEDCT_US', 'SNOMEDCT_US']
C0587628	['SNOMEDCT_US', 'SNOMEDCT_US', 'SNOMEDCT_US']
C0587631	['SNOMEDCT_US', 'SNOMEDCT_US', 'SNOMEDCT_US']
C0587632	['SNOMEDCT_US', 'SNOMEDCT_US']
C0587633	['SNOMEDCT_US', 'SNOMEDCT_US']
C0587634	['SNOMEDCT_US', 'SNOMEDCT_US']
C0587635	['SNOMEDCT_US', 'SNOMEDCT_US', 'SNOMEDCT_US']
C0587636	['SNOMEDCT_US', 'SNOMEDCT_US', 'SNOMEDCT_US']
C0587637	['SNOMEDCT_US', 'SNOMEDCT_US']
C0587638	['SNOMEDCT_US', 'SNOMEDCT_US']
C0587639	['SNOMEDCT_US', 'SNOMEDCT_US']
C0587640	['SNOMEDCT_US', 'SNOMEDCT_US']
C0587641	['SNOMEDCT_US', 'SNOMEDCT_US']
C0587642	['SNOMEDCT_US', 'SNOMEDCT_US']
C0587643	['SNOMEDCT_US', 'SNOMEDCT_US']
C0587644	['SNOMEDCT_US', 'SNOMEDCT_US']
C0587645	['SNOMEDCT_US', 'SNOMEDCT_US']
C0587646	['SNOMEDCT_US', 'SNOMEDCT_US']
C0587647	['SNOMEDCT_US', 'SNOMEDCT_US']
C0587648	['SNOMEDCT_US', 'SNOMEDCT_US']
C0587649	['SNOMEDCT_US', 'SNOMEDCT_US']
C0587650	['SNOMEDCT_US', 'SNOMEDCT_US']
C0587651	['SNOMEDCT_US', 'SNOMEDCT_US']
C0587652	['SNOMEDCT_US', 'SNOMEDCT_US', 'SNOMEDCT_US', 'SNOMEDCT_US']
C0587653	['SNOMEDCT_US', 'SNOMEDCT_US']
C0587654	['SNOMEDCT_US', 'CHV', 'SNOMEDCT_US', 'CHV']
C0587655	['SNOMEDCT_US', 'SNOMEDCT_US']
C0587657	['SNOMEDCT_US', 'SNOMEDCT_US']
C0587659	['SNOMEDCT_US', 'SNOMEDCT_US', 'SNOMEDCT_US', 'SNOMEDCT_US']
C0587661	['SNOMEDCT_US', 'SNOMEDCT_US']
C0587662	['SNOMEDCT_US', 'SNOMEDCT_US']
C0587663	['SNOMEDCT_US', 'SNOMEDCT_US', 'SNOMEDCT_US']
C0587664	['SNOMEDCT_US', 'SNOMEDCT_US', 'SNOMEDCT_US']
C0587665	['SNOMEDCT_US', 'SNOMEDCT_US', 'SNOMEDCT_US']
C0587666	['SNOMEDCT_US', 'SNOMEDCT_US', 'SNOMEDCT_US']
C0587667	['CHV', 'SNOMEDCT_US', 'CHV', 'SNOMEDCT_US']
C0587669	['SNOMEDCT_US', 'SNOMEDCT_US']
C0587670	['SNOMEDCT_US', 'SNOMEDCT_US']
C0587671	['SNOMEDCT_US', 'SNOMEDCT_US']
C0587672	['SNOMEDCT_US', 'SNOMEDCT_US']
C0587673	['SNOMEDCT_US', 'SNOMEDCT_US']
C0587674	['SNOMEDCT_US', 'SNOMEDCT_US']
C0587675	['SNOMEDCT_US', 'MTH', 'SNOMEDCT_US']
C0587676	['SNOMEDCT_US', 'SNOMEDCT_US']
C0587677	['SNOMEDCT_US', 'SNOMEDCT_US', 'SNOMEDCT_US']
C0587678	['SNOMEDCT_US', 'SNOMEDCT_US']
C0587679	['SNOMEDCT_US', 'SNOMEDCT_US', 'SNOMEDCT_US', 'MEDCIN', 'MEDCIN']
C0587680	['SNOMEDCT_US', 'SNOMEDCT_US']
C0587681	['SNOMEDCT_US', 'SNOMEDCT_US', 'SNOMEDCT_US']
C0587682	['SNOMEDCT_US', 'SNOMEDCT_US', 'SNOMEDCT_US']
C0587683	['SNOMEDCT_US', 'SNOMEDCT_US', 'SNOMEDCT_US']
C0587684	['SNOMEDCT_US', 'SNOMEDCT_US']
C0587685	['SNOMEDCT_US', 'SNOMEDCT_US']
C0587686	['SNOMEDCT_US', 'SNOMEDCT_US']
C0587687	['SNOMEDCT_US', 'SNOMEDCT_US']
C0587688	['SNOMEDCT_US', 'SNOMEDCT_US']
C0587689	['SNOMEDCT_US', 'CHV', 'SNOMEDCT_US', 'CHV']
C0587690	['SNOMEDCT_US', 'SNOMEDCT_US', 'SNOMEDCT_US']
C0587691	['SNOMEDCT_US', 'SNOMEDCT_US']
C0587692	['SNOMEDCT_US', 'SNOMEDCT_US', 'SNOMEDCT_US']
C0587693	['SNOMEDCT_US', 'SNOMEDCT_US']
C0587694	['SNOMEDCT_US', 'SNOMEDCT_US']
C0587696	['SNOMEDCT_US', 'HL7V2.5', 'SNOMEDCT_US']
C0587697	['SNOMEDCT_US', 'SNOMEDCT_US']
C0587698	['SNOMEDCT_US', 'SNOMEDCT_US']
C0587725	['SNOMEDCT_US', 'SNOMEDCT_US', 'SNOMEDCT_US']
C0587727	['SNOMEDCT_US', 'SNOMEDCT_US', 'SNOMEDCT_US']
C0587728	['SNOMEDCT_US', 'SNOMEDCT_US', 'SNOMEDCT_US']
C0587730	['MEDCIN', 'MEDCIN', 'MEDCIN', 'SNOMEDCT_US', 'SNOMEDCT_US']
C0587906	['CHV', 'NCI', 'CHV', 'CHV', 'NCI', 'SNOMEDCT_US', 'CHV', 'SNOMEDCT_US', 'LNC']
C0587907	['CHV', 'CHV', 'SNOMEDCT_US', 'CHV', 'SNOMEDCT_US']
C0587975	['SNOMEDCT_US', 'MTH', 'SNOMEDCT_US']
C0596183	['CSP']
C0596243	['CSP']
C0596628	['CSP']
C0596656	['CSP']
C0596660	['CSP']
C0596782	['CSP']
C0596789	['CSP']
C0596896	['CHV', 'CHV', 'CHV', 'CSP']
C0597886	['CSP']
C0598048	['CSP']
C0598561	['CSP']
C0598858	['CHV', 'CHV', 'CSP', 'CHV']
C0598859	['CSP']
C0599829	['CSP']
C0600581	['MSH']
C0600586	['MSH', 'MSH', 'MSH', 'MSH', 'MSH']
C0600622	['MSH', 'MSH', 'MSH', 'CHV', 'MSH', 'CHV']
C0600623	['CHV', 'MSH', 'CHV', 'MSH', 'MSH', 'CHV', 'MSH', 'CHV', 'MSH', 'SNOMEDCT_US', 'MSH', 'SNOMEDCT_US', 'MSH', 'MSH', 'MSH', 'MSH', 'MSH', 'MSH']
C0677508	['CHV', 'MTH', 'CHV', 'CHV', 'CHV']
C0679900	['CHV', 'CHV', 'CHV']
C0683534	['CHV', 'MTH', 'CHV']
C0687685	['CHV', 'MTH', 'CHV']
C0740183	['SNOMEDCT_US', 'CHV', 'SNOMEDCT_US', 'CHV']
C0745280	['SNOMEDCT_US', 'HL7V3.0', 'SNOMEDCT_US']
C0815184	['MTH', 'NCI', 'NCI_CDISC', 'NCI_CDISC', 'NCI_CDISC']
C0815266	['CHV', 'CHV', 'CHV', 'CHV', 'NCI', 'NCI']
C0856538	['MDR']
C0868949	['CHV', 'CHV']
C0870106	['CHV', 'MTH', 'CHV', 'PSY', 'NUCCHCPT']
C0870166	['CHV', 'PSY', 'CHV']
C0870269	['PSY']
C0870622	['PSY']
C0870626	['PSY']
C0870667	['PSY', 'HL7V3.0', 'NUCCHCPT', 'MTH', 'HL7V3.0']
C0871023	['PSY', 'LNC']
C0871167	['CHV', 'CHV', 'CHV', 'LCH_NW', 'PSY']
C0871286	['CHV', 'CHV', 'PSY']
C0871869	['CHV', 'MTH', 'CHV', 'PSY']
C0871965	['PSY']
C0872103	['CHV', 'CHV', 'MSH', 'CHV', 'SNOMEDCT_US', 'CSP', 'LNC', 'MSH', 'CPT', 'NCI', 'SNOMEDCT_US', 'CHV', 'NCI_caDSR', 'MSH', 'MSH', 'NUCCHCPT', 'SNOMEDCT_US']
C0920537	['CSP']
C0920538	['CSP']
C0920545	['CSP', 'CHV', 'CHV']
C0920564	['CSP']
C0920650	['CSP']
C0920707	['CSP']
C0949111	['CHV']
C0994196	['HCPCS']
C1136037	['MSH']
C1144868	['CPT', 'HCPCS']
C1145339	['HCPCS']
C1258357	['MSH', 'NCI', 'NCI_NCI-GLOSS', 'NCI_NCI-GLOSS']
C1266869	['SNOMEDCT_US', 'SNOMEDCT_US']
C1266870	['SNOMEDCT_US', 'SNOMEDCT_US']
C1273531	['SNOMEDCT_US', 'SNOMEDCT_US']
C1273803	['MTH']
C1273810	['CHV']
C1273815	['SNOMEDCT_US', 'SNOMEDCT_US']
C1273817	['SNOMEDCT_US', 'SNOMEDCT_US', 'SNOMEDCT_US', 'SNOMEDCT_US']
C1273829	['SNOMEDCT_US', 'SNOMEDCT_US']
C1274026	['SNOMEDCT_US', 'SNOMEDCT_US']
C1274027	['SNOMEDCT_US', 'CHV', 'SNOMEDCT_US', 'CHV']
C1274028	['SNOMEDCT_US', 'SNOMEDCT_US']
C1274112	['SNOMEDCT_US', 'SNOMEDCT_US', 'SNOMEDCT_US']
C1298694	['SNOMEDCT_US', 'MTH', 'SNOMEDCT_US']
C1301688	['SNOMEDCT_US', 'SNOMEDCT_US']
C1301759	['SNOMEDCT_US', 'SNOMEDCT_US']
C1301855	['SNOMEDCT_US', 'SNOMEDCT_US']
C1305702	['SNOMEDCT_US', 'MTH', 'CHV', 'CSP', 'HL7V2.5', 'HL7V3.0', 'SNOMEDCT_US', 'CHV']
C1306375	['SNOMEDCT_US', 'SNOMEDCT_US']
C1319404	['SNOMEDCT_US', 'SNOMEDCT_US']
C1321138	['SNOMEDCT_US', 'SNOMEDCT_US', 'SNOMEDCT_US']
C1321139	['CHV', 'CHV', 'SNOMEDCT_US', 'CHV', 'SNOMEDCT_US', 'SNOMEDCT_US', 'SNOMEDCT_US', 'SNOMEDCT_US', 'SNOMEDCT_US', 'SNOMEDCT_US']
C1321279	['MEDCIN', 'MEDCIN', 'MEDCIN', 'SNOMEDCT_US', 'SNOMEDCT_US']
C1328811	['CSP']
C1328964	['CSP']
C1331064	['CSP']
C1331065	['CSP']
C1331066	['CSP']
C1331067	['CSP']
C1331068	['CSP']
C1331069	['CSP']
C1331070	['CSP']
C1331071	['CSP']
C1331072	['CSP']
C1331073	['CSP']
C1331074	['CSP']
C1331075	['CSP']
C1331076	['CSP']
C1331077	['CSP']
C1331078	['CSP']
C1331079	['CSP']
C1331080	['CSP']
C1446369	['SNOMEDCT_US', 'SNOMEDCT_US']
C1510463	['MSH', 'MSH', 'MSH', 'MSH', 'SNOMEDCT_US', 'MSH', 'CHV', 'SNOMEDCT_US', 'MSH', 'MTH', 'MSH', 'CHV', 'MSH', 'CHV', 'MSH', 'CHV', 'MSH', 'MSH', 'MSH', 'MSH', 'MSH']
C1510740	['NCI', 'NCI']
C1510840	['NCI']
C1510858	['NCI']
C1510892	['NCI']
C1510896	['NCI']
C1510897	['NCI']
C1511044	['NCI', 'NCI', 'NCI', 'NCI']
C1511046	['NCI']
C1511140	['NCI']
C1511166	['NCI', 'NCI']
C1511168	['NCI']
C1511169	['NCI']
C1511233	['NCI', 'MTH', 'NCI']
C1511234	['MTH', 'NCI']
C1511441	['NCI']
C1511511	['NCI', 'NCI']
C1511521	['NCI']
C1511564	['MTH', 'NCI']
C1511611	['NCI']
C1511686	['NCI']
C1511696	['NCI', 'NCI']
C1511697	['NCI']
C1511715	['NCI']
C1511716	['NCI', 'NCI']
C1511727	['NCI']
C1511957	['NCI']
C1511974	['NCI']
C1511999	['NCI']
C1512000	['MTH', 'NCI']
C1512001	['NCI']
C1512002	['NCI']
C1512003	['MTH', 'NCI']
C1512004	['MTH', 'NCI', 'NCI']
C1512005	['NCI']
C1512006	['MTH', 'NCI']
C1512089	['NCI', 'NCI']
C1512161	['NCI', 'NCI', 'NCI']
C1512162	['LNC', 'LNC', 'MTH', 'NCI', 'LNC', 'LNC', 'LNC']
C1512192	['NCI']
C1512193	['NCI']
C1512288	['MTH', 'NCI']
C1512327	['NCI', 'NCI', 'NCI', 'NCI']
C1512415	['NCI', 'NCI']
C1512473	['NCI']
C1512476	['NCI']
C1512480	['NCI', 'NCI']
C1512518	['MTH', 'NCI', 'NCI']
C1512627	['NCI']
C1512647	['NCI']
C1512659	['NCI']
C1512688	['NCI']
C1512702	['NCI', 'NCI']
C1512889	['NCI']
C1512890	['NCI']
C1512893	['NCI']
C1512895	['NCI']
C1512896	['MTH', 'NCI']
C1512961	['NCI', 'NCI']
C1513002	['NCI']
C1513004	['NCI', 'NCI']
C1513038	['NCI']
C1513039	['NCI', 'NCI']
C1513045	['NCI']
C1513120	['NCI']
C1513265	['NCI']
C1513383	['NCI']
C1513389	['NCI']
C1513394	['NCI']
C1513460	['NCI', 'NCI']
C1513673	['NCI']
C1513737	['NCI']
C1513817	['NCI', 'NCI', 'NCI']
C1513844	['NCI']
C1513845	['NCI']
C1513877	['NCI']
C1513878	['NCI']
C1513879	['NCI']
C1513881	['NCI']
C1513882	['MSH', 'MSH', 'MTH', 'NCI', 'NCI_NCI-GLOSS', 'MSH', 'NCI', 'LNC', 'NCI_NCI-GLOSS']
C1513885	['NCI']
C1513887	['MTH', 'NCI', 'NCI']
C1513888	['NCI', 'NCI_NCI-GLOSS', 'MSH', 'MSH', 'MSH', 'NCI_NCI-GLOSS', 'MSH']
C1513889	['NCI']
C1513890	['NCI']
C1513891	['NCI']
C1513892	['NCI']
C1513893	['NCI']
C1513895	['NCI', 'MSH', 'MSH', 'MSH']
C1513896	['MSH', 'MSH', 'MTH', 'MSH', 'NCI', 'MSH']
C1513897	['MSH', 'MSH', 'NCI', 'NCI', 'MSH', 'MSH']
C1513898	['MSH', 'MSH', 'NCI', 'MSH']
C1513899	['MTH', 'NCI', 'MSH', 'MSH', 'NCI', 'MSH']
C1513900	['MSH', 'MSH', 'NCI', 'MSH', 'NCI']
C1513901	['MSH', 'MSH', 'NCI', 'MSH', 'NCI']
C1513905	['MTH', 'NCI', 'LNC']
C1513906	['NCI']
C1514291	['NCI']
C1514403	['NCI']
C1514480	['NCI']
C1514571	['NCI']
C1514573	['NCI']
C1514599	['MTH', 'NCI']
C1514601	['NCI']
C1514603	['NCI']
C1514607	['NCI', 'NCI']
C1514695	['NCI', 'LNC']
C1514702	['NCI']
C1514755	['NCI', 'NCI', 'NCI', 'NCI', 'NCI']
C1514958	['NCI', 'MTH', 'NCI']
C1515092	['MTH', 'NCI']
C1515096	['NCI']
C1515098	['NCI']
C1515218	['NCI']
C1515236	['NCI']
C1515349	['NCI']
C1515350	['NCI', 'NCI', 'NCI', 'NCI']
C1515351	['NCI', 'NCI', 'NCI']
C1515352	['NCI', 'NCI']
C1515353	['NCI', 'NCI', 'NCI']
C1515354	['NCI', 'NCI']
C1515355	['NCI']
C1515356	['NCI', 'NCI']
C1515357	['NCI', 'NCI']
C1515656	['NCI']
C1515937	['NCI']
C1515947	['NCI']
C1515950	['MTH', 'NCI', 'NCI']
C1515957	['NCI']
C1516052	['NCI']
C1516053	['NCI']
C1516149	['NCI']
C1516168	['NCI', 'NCI']
C1516178	['NCI', 'NCI']
C1516179	['NCI', 'NCI', 'MTH', 'NCI', 'NCI']
C1516180	['NCI', 'NCI']
C1516181	['NCI', 'NCI', 'NCI', 'NCI']
C1516186	['NCI']
C1516199	['MTH', 'NCI']
C1516207	['NCI', 'NCI', 'NCI']
C1516208	['NCI']
C1516210	['NCI', 'NCI']
C1516214	['NCI']
C1516215	['NCI']
C1516222	['NCI', 'NCI', 'NCI']
C1516224	['NCI']
C1516226	['NCI']
C1516234	['NCI']
C1516235	['NCI']
C1516238	['LNC', 'NCI', 'NCI_caDSR']
C1516380	['NCI', 'NCI', 'NCI']
C1516476	['LNC', 'LNC', 'NCI']
C1516477	['MTH', 'NCI', 'NCI_PCDC']
C1516513	['NCI']
C1516587	['NCI']
C1516604	['NCI']
C1516612	['NCI']
C1516629	['NCI']
C1516650	['NCI']
C1516655	['NCI']
C1516683	['NCI']
C1516705	['NCI']
C1516734	['MTH', 'NCI']
C1516764	['NCI', 'NCI']
C1516765	['NCI', 'NCI']
C1516766	['NCI']
C1516767	['NCI', 'NCI']
C1516773	['NCI']
C1516918	['NCI']
C1516985	['NCI']
C1517012	['NCI']
C1517014	['NCI']
C1517062	['NCI']
C1517129	['NCI']
C1517158	['NCI']
C1517213	['NCI']
C1517269	['NCI']
C1517306	['NCI']
C1517309	['NCI', 'NCI']
C1517310	['NCI']
C1517497	['NCI']
C1517501	['NCI']
C1517521	['NCI']
C1517522	['NCI']
C1517551	['NCI']
C1517597	['NCI', 'NCI', 'MTH', 'NCI']
C1517601	['NCI']
C1517620	['NCI', 'NCI']
C1517622	['NCI', 'NCI', 'NCI']
C1517651	['NCI', 'NCI', 'NCI', 'NCI']
C1517675	['NCI', 'NCI', 'NCI']
C1517703	['NCI']
C1517704	['NCI', 'NCI']
C1517705	['NCI']
C1517707	['NCI', 'NCI']
C1517708	['NCI']
C1517712	['NCI']
C1518148	['NCI']
C1518258	['NCI']
C1518269	['NCI']
C1518318	['NCI']
C1518417	['NCI', 'NCI', 'NCI']
C1518418	['NCI']
C1518419	['NCI']
C1518436	['NCI']
C1518446	['NCI']
C1518467	['NCI']
C1518502	['NCI']
C1518547	['NCI']
C1518548	['NCI']
C1518550	['NCI']
C1518552	['NCI']
C1518557	['NCI']
C1518558	['NCI']
C1518562	['NCI', 'NCI', 'NCI']
C1518569	['NCI']
C1518570	['NCI']
C1518599	['NCI']
C1518611	['NCI']
C1518612	['NCI', 'NCI']
C1518648	['NCI']
C1518651	['NCI']
C1518655	['NCI']
C1518656	['NCI']
C1518772	['NCI']
C1518923	['NCI']
C1518924	['NCI']
C1518932	['LNC', 'MTH', 'NCI']
C1519028	['NCI']
C1519037	['NCI']
C1519105	['NCI', 'NCI', 'NCI']
C1519110	['NCI', 'NCI_caDSR', 'NCI']
C1519168	['NCI', 'NCI_PCDC', 'NCI']
C1519179	['NCI', 'NCI', 'NCI', 'NCI', 'NCI', 'NCI', 'MTH', 'NCI']
C1519219	['NCI']
C1519297	['NCI']
C1519298	['NCI', 'NCI', 'NCI']
C1519360	['NCI']
C1519380	['NCI']
C1519394	['NCI']
C1519429	['NCI', 'LNC', 'MTH']
C1519441	['NCI', 'NCI', 'NCI', 'NCI']
C1519518	['NCI']
C1519526	['NCI', 'NCI']
C1519569	['NCI']
C1519597	['NCI', 'NCI']
C1519607	['NCI']
C1519608	['NCI']
C1519617	['NCI']
C1519621	['NCI']
C1519744	['NCI']
C1519797	['NCI', 'NCI']
C1519798	['NCI', 'NCI']
C1519799	['NCI']
C1519800	['NCI', 'NCI']
C1519801	['NCI', 'NCI', 'NCI', 'NCI']
C1519802	['NCI', 'NCI']
C1519803	['NCI']
C1519804	['NCI', 'NCI', 'NCI', 'NCI', 'NCI']
C1519805	['NCI_caDSR', 'NCI', 'NCI']
C1519806	['NCI', 'NCI']
C1519807	['NCI', 'NCI']
C1519972	['NCI']
C1520126	['NCI']
C1520163	['NCI']
C1520209	['NCI']
C1532776	['MEDCIN', 'MEDCIN', 'MEDCIN', 'SNOMEDCT_US', 'SNOMEDCT_US', 'SNOMEDCT_US', 'SNOMEDCT_US', 'SNOMEDCT_US', 'SNOMEDCT_US']
C1532777	['MEDCIN', 'MEDCIN', 'MEDCIN', 'SNOMEDCT_US', 'SNOMEDCT_US', 'SNOMEDCT_US', 'SNOMEDCT_US', 'SNOMEDCT_US', 'SNOMEDCT_US']
C1545982	['LNC', 'LNC', 'LNC', 'MTH', 'LNC', 'LNC', 'LNC']
C1546530	['HL7V2.5']
C1546531	['MTH', 'HL7V2.5']
C1546532	['SNOMEDCT_US', 'HL7V2.5', 'SNOMEDCT_US']
C1546860	['HL7V2.5', 'HL7V3.0', 'MVX']
C1546861	['HL7V2.5', 'MVX']
C1546862	['HL7V2.5', 'HL7V3.0', 'MVX']
C1546868	['HL7V2.5', 'HL7V3.0', 'MVX']
C1546869	['HL7V2.5', 'MVX']
C1546871	['HL7V2.5', 'HL7V3.0', 'MVX']
C1546872	['HL7V2.5', 'HL7V3.0', 'MVX']
C1546874	['HL7V2.5', 'HL7V3.0', 'MVX']
C1546876	['HL7V2.5', 'HL7V3.0', 'MVX']
C1546877	['HL7V2.5', 'HL7V3.0', 'MVX']
C1546878	['HL7V2.5', 'MVX']
C1546879	['HL7V2.5', 'HL7V3.0']
C1546881	['HL7V2.5', 'HL7V3.0', 'MVX']
C1546883	['HL7V2.5', 'HL7V3.0', 'MVX']
C1546885	['HL7V2.5', 'HL7V3.0', 'MVX']
C1546886	['MVX', 'HL7V2.5']
C1546887	['HL7V2.5', 'HL7V3.0', 'MVX']
C1546888	['HL7V2.5', 'MVX']
C1546892	['HL7V2.5']
C1546893	['HL7V2.5', 'HL7V3.0', 'MVX']
C1546896	['HL7V2.5', 'MVX']
C1546906	['MTH', 'HL7V2.5']
C1547182	['HL7V2.5', 'MTH']
C1547193	['HL7V2.5']
C1547194	['HL7V2.5', 'MTH']
C1547195	['HL7V2.5', 'MTH']
C1547635	['HL7V2.5']
C1550360	['HL7V2.5']
C1550511	['MTH', 'HL7V3.0']
C1550683	['LNC', 'MTH', 'HL7V3.0']
C1550685	['MTH', 'HL7V3.0']
C1550688	['HL7V3.0', 'NUCCHCPT', 'MTH', 'HL7V3.0']
C1551245	['NUCCHCPT', 'MTH']
C1551246	['NUCCHCPT', 'MTH']
C1551248	['NUCCHCPT', 'MTH']
C1551249	['NUCCHCPT', 'MTH']
C1551251	['NUCCHCPT', 'NCI', 'NCI_FDA', 'NCI_FDA', 'NCI']
C1551254	['NUCCHCPT', 'MTH']
C1551256	['NUCCHCPT', 'MTH']
C1551257	['NUCCHCPT', 'MTH']
C1551259	['NUCCHCPT', 'MTH']
C1551261	['NUCCHCPT', 'MTH']
C1551262	['NUCCHCPT', 'MTH']
C1551263	['NUCCHCPT', 'MTH']
C1551265	['NUCCHCPT', 'MTH']
C1551266	['NUCCHCPT', 'MTH']
C1551270	['NUCCHCPT', 'MTH']
C1551271	['NUCCHCPT', 'MTH']
C1551272	['NUCCHCPT', 'MTH']
C1551274	['NUCCHCPT']
C1551275	['NUCCHCPT', 'MTH']
C1551276	['NUCCHCPT', 'MTH']
C1551278	['NUCCHCPT', 'MTH']
C1551279	['NUCCHCPT', 'MTH']
C1551282	['NUCCHCPT', 'MTH']
C1551283	['NUCCHCPT', 'MTH']
C1551284	['NUCCHCPT', 'MTH']
C1551285	['NUCCHCPT', 'MSH', 'MSH', 'MSH', 'MSH', 'MSH', 'MSH', 'MSH', 'MSH', 'LNC', 'LNC', 'LNC', 'MSH', 'NCI', 'NCI_FDA', 'MSH', 'SNOMEDCT_US', 'MSH', 'SNOMEDCT_US', 'MTH', 'MSH']
C1551286	['NUCCHCPT', 'MTH']
C1551287	['NUCCHCPT', 'MTH']
C1551288	['NUCCHCPT', 'MTH']
C1551289	['MTH']
C1551301	['MTH', 'NUCCHCPT']
C1551303	['MTH', 'NUCCHCPT']
C1551304	['MTH', 'NUCCHCPT']
C1551306	['MTH', 'NUCCHCPT']
C1551308	['MTH', 'NUCCHCPT']
C1551309	['MTH']
C1551310	['LNC', 'LNC', 'LNC', 'MTH', 'CPT', 'NUCCHCPT']
C1551311	['MTH', 'NUCCHCPT']
C1551312	['MTH', 'CPT', 'NUCCHCPT']
C1551313	['NUCCHCPT', 'MTH']
C1551314	['MTH', 'NUCCHCPT']
C1551315	['NUCCHCPT', 'MTH']
C1551317	['MTH', 'NUCCHCPT']
C1551318	['NUCCHCPT', 'MTH']
C1551319	['MTH', 'NUCCHCPT']
C1551320	['NUCCHCPT', 'MTH']
C1551321	['MTH', 'NUCCHCPT']
C1551324	['MTH', 'NUCCHCPT']
C1551326	['MTH', 'NUCCHCPT']
C1551327	['MTH', 'NUCCHCPT']
C1551329	['MTH', 'NUCCHCPT']
C1551330	['MTH', 'NUCCHCPT']
C1552408	['MTH', 'NUCCHCPT']
C1552409	['NUCCHCPT', 'MTH']
C1552413	['MTH', 'NUCCHCPT']
C1552416	['NUCCHCPT', 'MTH']
C1552417	['MTH', 'NUCCHCPT']
C1552418	['MTH', 'NUCCHCPT']
C1552420	['NUCCHCPT', 'MTH']
C1552421	['NUCCHCPT', 'MTH']
C1552423	['NUCCHCPT', 'MTH']
C1552424	['NUCCHCPT', 'HL7V3.0', 'MTH', 'HL7V3.0']
C1552427	['NUCCHCPT', 'MTH']
C1552429	['NUCCHCPT', 'MTH']
C1552433	['NUCCHCPT', 'MTH']
C1552436	['NUCCHCPT', 'MTH']
C1552437	['NUCCHCPT', 'MTH']
C1552438	['NUCCHCPT', 'HL7V3.0', 'MTH', 'HL7V3.0']
C1552440	['NUCCHCPT', 'HL7V3.0', 'MTH', 'SNOMEDCT_US', 'HL7V3.0', 'SNOMEDCT_US']
C1552441	['NUCCHCPT', 'MTH']
C1552443	['NUCCHCPT', 'HL7V3.0', 'MTH', 'SNOMEDCT_US', 'HL7V3.0', 'SNOMEDCT_US']
C1552448	['NUCCHCPT', 'MTH']
C1552452	['NUCCHCPT', 'MTH']
C1552453	['NUCCHCPT', 'MTH', 'HL7V3.0', 'HL7V3.0']
C1552456	['NUCCHCPT', 'MTH']
C1552457	['NUCCHCPT', 'MTH']
C1552465	['MTH', 'NUCCHCPT']
C1552466	['HL7V3.0', 'MTH', 'HL7V3.0', 'NUCCHCPT']
C1552467	['MTH', 'NUCCHCPT']
C1552468	['MTH', 'NUCCHCPT']
C1552469	['NUCCHCPT', 'MTH']
C1552470	['MTH']
C1552471	['NUCCHCPT', 'MTH']
C1552472	['NUCCHCPT', 'MTH']
C1552473	['NUCCHCPT', 'MTH']
C1552476	['HL7V2.5']
C1552479	['MTH', 'HL7V3.0']
C1552486	['MTH', 'HL7V3.0']
C1552489	['MTH', 'NUCCHCPT', 'HL7V3.0', 'HL7V3.0']
C1552491	['MTH', 'NUCCHCPT']
C1552498	['NUCCHCPT']
C1552500	['NUCCHCPT']
C1552508	['MTH', 'NUCCHCPT']
C1552509	['MTH', 'NUCCHCPT']
C1552514	['MTH', 'NUCCHCPT']
C1552515	['MTH', 'NUCCHCPT']
C1552522	['MTH', 'NUCCHCPT']
C1552523	['MTH', 'NUCCHCPT']
C1552524	['NUCCHCPT', 'MTH']
C1552525	['NUCCHCPT', 'MTH']
C1552526	['NUCCHCPT', 'MTH']
C1552527	['NUCCHCPT', 'MTH']
C1552528	['NUCCHCPT', 'MTH']
C1552529	['NUCCHCPT', 'MTH']
C1552530	['NUCCHCPT']
C1552531	['NUCCHCPT', 'MTH']
C1552532	['NUCCHCPT', 'MTH']
C1552533	['NUCCHCPT', 'MTH']
C1552534	['NUCCHCPT', 'MTH']
C1552535	['MTH', 'NUCCHCPT']
C1552536	['MTH', 'NUCCHCPT']
C1552537	['MTH', 'NUCCHCPT']
C1552538	['MTH', 'NUCCHCPT']
C1552539	['NUCCHCPT', 'MTH']
C1552540	['NUCCHCPT', 'MTH']
C1552541	['MTH', 'NUCCHCPT']
C1552542	['NUCCHCPT']
C1552543	['NUCCHCPT', 'MTH']
C1552544	['NUCCHCPT', 'MTH']
C1552545	['NUCCHCPT', 'MTH']
C1552546	['MTH', 'NUCCHCPT']
C1552547	['MTH', 'NUCCHCPT']
C1552548	['MTH', 'NUCCHCPT']
C1552549	['MTH', 'NUCCHCPT']
C1552747	['MTH', 'HL7V3.0']
C1552748	['MTH', 'HL7V3.0']
C1552749	['MTH', 'HL7V3.0']
C1552750	['MTH', 'HL7V3.0']
C1552751	['MTH', 'HL7V3.0']
C1552754	['MTH', 'HL7V3.0']
C1552755	['MTH', 'HL7V3.0']
C1552756	['MTH', 'HL7V3.0']
C1552757	['MTH', 'HL7V3.0']
C1552758	['MTH', 'HL7V3.0']
C1552759	['HL7V3.0']
C1552761	['MTH', 'HL7V3.0']
C1552762	['MTH', 'HL7V3.0']
C1552764	['MTH', 'HL7V3.0']
C1552771	['MTH', 'HL7V3.0']
C1552772	['MTH', 'HL7V3.0']
C1552775	['MTH', 'HL7V3.0']
C1552781	['HL7V3.0']
C1552783	['MTH', 'HL7V3.0']
C1552784	['MTH', 'HL7V3.0']
C1552787	['MTH', 'HL7V3.0']
C1552789	['MTH', 'HL7V3.0']
C1552790	['MTH', 'HL7V3.0']
C1552791	['MTH', 'HL7V3.0']
C1552794	['MTH', 'HL7V3.0']
C1552800	['MTH', 'HL7V3.0']
C1552806	['MTH', 'HL7V3.0']
C1552809	['HL7V3.0']
C1552811	['MTH', 'HL7V3.0']
C1552812	['SNOMEDCT_US', 'MTH', 'HL7V3.0', 'SNOMEDCT_US']
C1552813	['MTH', 'HL7V3.0']
C1552814	['MTH', 'HL7V3.0']
C1552815	['MTH', 'HL7V3.0']
C1552881	['HL7V3.0', 'HL7V2.5', 'MVX']
C1552882	['HL7V3.0', 'HL7V2.5', 'MVX']
C1552884	['HL7V2.5', 'HL7V2.5', 'HL7V3.0', 'MVX']
C1552885	['HL7V3.0', 'HL7V2.5', 'MVX']
C1552887	['HL7V3.0', 'HL7V2.5', 'MVX', 'HL7V3.0', 'HL7V2.5', 'MVX']
C1552888	['HL7V3.0', 'HL7V2.5', 'MVX']
C1552890	['HL7V3.0', 'HL7V2.5', 'MVX']
C1552891	['HL7V3.0', 'HL7V2.5', 'MVX']
C1552892	['HL7V3.0', 'MVX', 'HL7V2.5']
C1552895	['HL7V3.0', 'HL7V2.5']
C1552896	['HL7V3.0', 'HL7V2.5', 'MVX']
C1552897	['HL7V3.0', 'HL7V2.5', 'MVX']
C1552898	['HL7V3.0']
C1552899	['HL7V3.0', 'HL7V2.5', 'MVX']
C1552900	['HL7V3.0', 'HL7V2.5']
C1552901	['HL7V3.0', 'HL7V2.5', 'MVX']
C1552902	['HL7V3.0', 'HL7V2.5', 'MVX']
C1552903	['HL7V2.5', 'MVX', 'MTH', 'HL7V3.0']
C1552904	['HL7V2.5', 'MVX', 'HL7V3.0']
C1554095	['HL7V3.0', 'MTH']
C1555591	['MTH', 'HL7V3.0']
C1555596	['MTH', 'HL7V3.0']
C1555653	['MTH', 'HL7V3.0']
C1556029	['MTH', 'NUCCHCPT']
C1561550	['LNC', 'LNC']
C1562642	['SNOMEDCT_US', 'SNOMEDCT_US', 'SNOMEDCT_US']
C1610162	['NUCCHCPT', 'HL7V3.0', 'MTH', 'HL7V3.0']
C1627345	['CHV', 'SNOMEDCT_US', 'NCI', 'SNOMEDCT_US', 'CHV', 'SNOMEDCT_US', 'NCI', 'NCI_caDSR', 'NCI', 'NCI', 'SNOMEDCT_US', 'NCI', 'SNOMEDCT_US', 'SNOMEDCT_US']
C1628316	['SNOMEDCT_US', 'SNOMEDCT_US', 'SNOMEDCT_US']
C1629858	['SNOMEDCT_US', 'LNC', 'MTH', 'NCI', 'NCI_FDA', 'SNOMEDCT_US']
C1631606	['SNOMEDCT_US', 'SNOMEDCT_US']
C1636661	['SNOMEDCT_US', 'SNOMEDCT_US']
C1657135	['LNC', 'LNC', 'LNC', 'MTH']
C1688588	['SNOMEDCT_US', 'SNOMEDCT_US']
C1690590	['MEDCIN', 'MEDCIN', 'MEDCIN', 'SNOMEDCT_US', 'SNOMEDCT_US']
C1704659	['MTH', 'NCI', 'NCI', 'NCI']
C1705420	['NCI', 'NCI', 'MTH', 'NCI']
C1706444	['MTH', 'NCI', 'NCI']
C1706786	['CPT', 'NCI', 'NCI_FDA', 'NCI']
C1706973	['NCI', 'NCI_FDA']
C1707246	['NCI']
C1707294	['NCI']
C1707295	['NCI', 'NCI_FDA', 'NCI', 'NCI_FDA', 'NCI']
C1707373	['NCI', 'NCI_FDA']
C1707679	['NCI']
C1707735	['NCI', 'NCI_FDA']
C1707823	['NCI_FDA', 'NCI']
C1707904	['NCI']
C1707958	['NCI', 'NCI_FDA']
C1708098	['NCI', 'NCI_FDA']
C1708333	['NCI', 'NCI']
C1708467	['NCI']
C1708542	['NCI', 'NCI']
C1708636	['NCI', 'NCI_FDA']
C1708733	['LNC', 'LNC', 'LNC', 'LCH_NW', 'MTH', 'NCI', 'NCI_FDA']
C1708834	['NCI', 'NCI', 'NCI_FDA', 'NCI_FDA']
C1708944	['NCI_FDA', 'NCI']
C1709055	['NCI_FDA', 'NCI']
C1709364	['NCI', 'NCI_FDA']
C1709365	['NCI', 'NCI_FDA']
C1709626	['NCI']
C1709628	['NCI', 'NCI']
C1709762	['NCI', 'NCI_FDA']
C1709763	['NCI', 'NCI_FDA', 'NCI_CDISC']
C1710188	['NCI', 'NCI_FDA']
C1710490	['NCI', 'NCI_FDA']
C1710589	['NCI', 'NCI_FDA']
C1710659	['NCI', 'NCI_FDA']
C1717557	['LNC', 'LNC', 'LNC']
C1718195	['LNC', 'LNC', 'LNC', 'MTH', 'HL7V3.0']
C1736660	['CPT', 'HCPCS']
C1830357	['LNC', 'LNC', 'LNC']
C1882036	['NCI']
C1882265	['NCI']
C1955969	['MSH', 'MSH', 'NCI', 'MSH']
C1955970	['MSH', 'MSH', 'NCI', 'MSH']
C1955973	['MSH', 'MSH', 'MSH', 'MSH', 'NCI', 'MSH']
C1955974	['MSH', 'MTH', 'MSH', 'NCI', 'MSH']
C1955975	['MSH', 'MSH', 'NCI', 'MSH']
C1955976	['MSH', 'MSH', 'NCI', 'MSH']
C1955977	['MSH', 'MSH', 'NCI', 'MSH']
C1955978	['MSH', 'MSH', 'NCI', 'MSH']
C1955979	['MSH', 'MSH', 'NCI', 'MSH']
C1955981	['MSH', 'LNC', 'SOP']
C1959926	['SNOMEDCT_US', 'SNOMEDCT_US', 'MEDCIN', 'MEDCIN', 'MEDCIN']
C1960106	['SNOMEDCT_US', 'SNOMEDCT_US', 'SNOMEDCT_US']
C1976596	['LNC', 'LNC', 'LNC', 'LNC', 'MTH']
C2077962	['MEDCIN', 'MEDCIN', 'MTH', 'MEDCIN']
C2183225	['MTH', 'MEDCIN', 'MEDCIN', 'MEDCIN']
C2183241	['MEDCIN', 'MEDCIN', 'MEDCIN']
C2224195	['MEDCIN', 'MEDCIN']
C2317050	['SNOMEDCT_US', 'SNOMEDCT_US']
C2346505	['MSH', 'MSH', 'MSH', 'MSH', 'MSH', 'MTH', 'NCI', 'MSH', 'MSH', 'MSH', 'MSH', 'MSH', 'NCI']
C2347449	['NCI', 'MTH', 'NCI', 'NCI', 'NCI', 'NCI', 'NCI']
C2347584	['NCI']
C2347712	['NCI', 'MTH', 'NCI']
C2347788	['MTH', 'NCI', 'NCI', 'NCI', 'NCI']
C2347790	['MTH', 'NCI', 'NCI', 'NCI_ICDC', 'NCI_ICDC']
C2347839	['NCI']
C2350232	['MSH', 'MSH', 'MSH', 'MSH', 'MSH', 'MSH', 'MSH', 'MSH', 'MSH', 'MSH', 'MSH', 'MSH']
C2350580	['MSH', 'MSH', 'MSH', 'MSH']
C2350581	['MSH', 'MSH', 'MSH', 'MSH']
C2350582	['MSH', 'MSH']
C2350584	['MSH', 'MSH', 'NCI', 'MSH', 'NCI']
C2350647	['MSH', 'MSH', 'MSH', 'MSH', 'MSH', 'MSH', 'MSH', 'MSH', 'MSH', 'MSH', 'MSH', 'MSH']
C2358413	['LNC', 'LNC', 'LNC']
C2358414	['LNC', 'LNC', 'LNC']
C2361265	['LNC', 'LNC', 'LNC', 'MTH']
C2362545	['MSH', 'MSH', 'LNC', 'MSH', 'MTH', 'MSH']
C2362761	['LNC', 'LNC', 'LNC', 'LNC', 'MTH', 'CPT']
C2585313	['MEDCIN', 'MEDCIN', 'MEDCIN', 'SNOMEDCT_US', 'MEDCIN', 'MEDCIN', 'SNOMEDCT_US']
C2600038	['LNC', 'LNC']
C2600039	['NCI_CDISC-GLOSS', 'LNC', 'LNC', 'NCI']
C2607850	['MTH', 'HL7V3.0']
C2711258	['SNOMEDCT_US', 'SNOMEDCT_US']
C2711407	['SNOMEDCT_US', 'SNOMEDCT_US']
C2711413	['SNOMEDCT_US', 'SNOMEDCT_US']
C2711449	['SNOMEDCT_US', 'SNOMEDCT_US']
C2711734	['MEDCIN', 'MEDCIN', 'MEDCIN', 'SNOMEDCT_US', 'SNOMEDCT_US']
C2718032	['NCI_CDISC-GLOSS', 'MSH', 'MSH', 'MSH', 'NCI', 'CHV', 'NCI', 'MSH']
C2732322	['MEDCIN', 'MEDCIN', 'MEDCIN', 'SNOMEDCT_US', 'SNOMEDCT_US']
C2732797	['SNOMEDCT_US', 'SNOMEDCT_US', 'SNOMEDCT_US']
C2735036	['LNC', 'LNC', 'LNC', 'MTH']
C2735038	['LNC', 'LNC', 'LNC', 'MTH']
C2735044	['LNC', 'LNC', 'LNC']
C2825537	['NCI', 'NCI_NICHD']
C2825564	['NCI', 'NCI_NICHD']
C2826098	['NCI']
C2826174	['NCI']
C2826326	['MTH', 'NCI', 'NCI']
C2826328	['MTH', 'NCI']
C2826329	['MTH', 'NCI']
C2826331	['MTH', 'NCI']
C2826332	['NCI', 'NCI']
C2826334	['NCI']
C2826336	['NCI']
C2826337	['NCI']
C2826338	['NCI']
C2826339	['NCI']
C2826340	['NCI']
C2826341	['NCI']
C2826342	['MTH', 'NCI']
C2826343	['NCI']
C2826361	['MTH', 'NCI']
C2919257	['SNOMEDCT_US', 'SNOMEDCT_US']
C2919321	['SNOMEDCT_US', 'SNOMEDCT_US']
C2919777	['SNOMEDCT_US', 'SNOMEDCT_US']
C2919778	['SNOMEDCT_US', 'SNOMEDCT_US']
C2936638	['MSH', 'MSH', 'MSH', 'MSH', 'MSH', 'MSH']
C2936639	['MSH', 'MSH', 'MSH', 'MSH', 'MSH', 'MSH', 'MSH']
C2936717	['MSH', 'MSH', 'MSH', 'CHV', 'MSH', 'CHV']
C2983134	['NCI', 'NCI_caDSR', 'LNC', 'NCI_PCDC', 'NCI', 'LNC']
C2985501	['NCI', 'NCI_NCI-GLOSS']
C2985607	['NCI', 'NCI_BRIDG_3_0_3', 'NCI_BRIDG_5_3']
C2985617	['NCI', 'NCI_BRIDG_3_0_3']
C2985688	['NCI', 'NCI_BRIDG_3_0_3']
C3164410	['SNOMEDCT_US', 'SNOMEDCT_US', 'SNOMEDCT_US', 'SNOMEDCT_US']
C3164440	['SNOMEDCT_US', 'SNOMEDCT_US', 'MEDCIN', 'MEDCIN', 'MEDCIN']
C3173837	['LNC', 'LNC', 'LNC']
C3179030	['MSH', 'MSH', 'MSH', 'MSH', 'MSH', 'MSH']
C3242019	['HL7V3.0']
C3242020	['HL7V3.0']
C3242021	['HL7V3.0']
C3242085	['HL7V3.0']
C3242086	['HL7V3.0']
C3242128	['HL7V3.0']
C3242131	['HL7V3.0']
C3242132	['HL7V3.0']
C3242133	['HL7V3.0']
C3242143	['HL7V3.0']
C3242144	['HL7V3.0']
C3242736	['HL7V3.0']
C3242738	['HL7V3.0']
C3242739	['HL7V3.0']
C3242746	['HL7V3.0']
C3242765	['HL7V3.0']
C3242766	['HL7V3.0']
C3242767	['LNC', 'HL7V3.0']
C3242768	['HL7V2.5', 'HL7V3.0']
C3242769	['HL7V3.0']
C3242770	['LCH_NW', 'MTH', 'HL7V3.0']
C3242771	['HL7V3.0']
C3242773	['HL7V3.0']
C3242777	['HL7V3.0']
C3242778	['HL7V3.0']
C3242779	['HL7V3.0']
C3242780	['HL7V3.0']
C3242781	['HL7V3.0']
C3242782	['HL7V3.0']
C3242783	['HL7V3.0']
C3242784	['HL7V3.0']
C3242856	['HL7V3.0']
C3242859	['HL7V3.0']
C3242861	['HL7V3.0']
C3242878	['HL7V3.0']
C3242879	['HL7V3.0']
C3242880	['HL7V3.0']
C3242881	['HL7V3.0']
C3242882	['HL7V3.0']
C3242883	['HL7V3.0']
C3242884	['HL7V3.0']
C3242885	['HL7V3.0']
C3242886	['HL7V3.0']
C3242887	['HL7V3.0']
C3242888	['HL7V3.0']
C3242889	['HL7V3.0']
C3242890	['HL7V3.0']
C3242891	['HL7V3.0']
C3242892	['HL7V3.0']
C3242970	['HL7V3.0']
C3243585	['HL7V3.0']
C3243589	['HL7V3.0']
C3244110	['HL7V3.0']
C3244111	['HL7V3.0']
C3244278	['NUCCHCPT', 'HL7V3.0', 'SNOMEDCT_US', 'MTH', 'HL7V3.0', 'SNOMEDCT_US']
C3258821	['LNC', 'LNC', 'LNC', 'CPT']
C3275045	['NCI', 'NCI_CDISC']
C3275046	['LNC', 'NCI_CDISC', 'NCI']
C3275047	['NCI_CDISC', 'NCI']
C3275048	['NCI', 'NCI_CDISC']
C3275049	['NCI_CDISC', 'NCI']
C3275087	['NCI', 'NCI_CDISC']
C3275088	['NCI', 'NCI_CDISC']
C3275110	['NCI', 'NCI_CDISC']
C3475479	['LNC', 'LNC', 'LNC']
C3476078	['LNC', 'UMD', 'LNC', 'LNC']
C3476513	['LNC', 'LNC', 'LNC']
C3476543	['LNC', 'LNC', 'LNC']
C3481454	['LNC', 'LNC', 'LNC']
C3494217	['MSH', 'MSH', 'MSH', 'MSH', 'MSH', 'MSH']
C3494218	['MSH', 'MSH', 'MSH', 'MSH', 'MSH', 'MSH']
C3494897	['SNOMEDCT_US', 'SNOMEDCT_US', 'SNOMEDCT_US']
C3494898	['SNOMEDCT_US', 'SNOMEDCT_US']
C3496094	['MTH', 'SOP']
C3496095	['MTH', 'SOP']
C3496100	['SOP', 'MTH']
C3496101	['MTH', 'SOP']
C3496102	['MTH', 'SOP']
C3496103	['MTH', 'SOP']
C3496104	['MTH', 'SOP']
C3496105	['SOP', 'MTH']
C3496112	['MTH', 'SOP']
C3496399	['MTH', 'SOP']
C3496400	['MTH', 'SOP']
C3496634	['SOP', 'MTH']
C3530196	['SOP']
C3530198	['SOP']
C3530200	['SOP']
C3530202	['SOP']
C3530205	['SOP']
C3530206	['SOP']
C3530207	['SOP']
C3530208	['SOP']
C3530209	['SOP']
C3530215	['SOP']
C3530216	['SOP']
C3530220	['SOP']
C3530221	['SOP']
C3530222	['SOP']
C3530223	['SOP']
C3530224	['SOP']
C3530225	['SOP']
C3530226	['SOP']
C3530227	['SOP']
C3530228	['SOP']
C3530229	['SOP']
C3530230	['SOP']
C3530231	['SOP']
C3530232	['SOP']
C3530233	['SOP']
C3530234	['SOP']
C3530235	['SOP']
C3530236	['SOP']
C3530237	['SOP']
C3530238	['SOP', 'LNC']
C3530245	['SOP']
C3530246	['SOP']
C3530247	['SOP']
C3530248	['SOP']
C3530249	['SOP']
C3530250	['SOP']
C3530251	['SOP']
C3530253	['SOP']
C3530254	['SOP']
C3530257	['SOP']
C3530258	['SOP']
C3530259	['SOP']
C3530260	['SOP']
C3530261	['SOP']
C3530262	['SOP']
C3530263	['SOP']
C3530264	['SOP']
C3530265	['SOP']
C3530266	['SOP']
C3530267	['SOP']
C3530268	['SOP']
C3530269	['SOP']
C3530270	['SOP']
C3530271	['SOP']
C3530275	['SOP']
C3530277	['SOP']
C3530278	['CPT', 'SOP']
C3530279	['SOP']
C3530280	['SOP']
C3530281	['SOP']
C3530282	['SOP']
C3530283	['SOP']
C3530284	['SOP']
C3530286	['SOP']
C3530287	['SOP']
C3530289	['SOP']
C3530290	['SOP']
C3530291	['SOP']
C3530292	['SOP']
C3530293	['SOP']
C3530294	['SOP']
C3530295	['SOP']
C3530296	['SOP']
C3530297	['SOP']
C3530298	['SOP']
C3530299	['SOP']
C3530300	['SOP']
C3530301	['SOP']
C3530302	['SOP']
C3530303	['SOP']
C3530304	['SOP']
C3640643	['NCI', 'NCI_CDISC']
C3641653	['MTH', 'NCI', 'NCI_caDSR']
C3642270	['NCI', 'NCI', 'NCI']
C3642273	['NCI', 'NCI', 'MTH', 'NCI']
C3658282	['MSH', 'MSH', 'MSH', 'MSH', 'MSH', 'MSH', 'MSH', 'MSH', 'MSH', 'MSH', 'MSH', 'MSH', 'MSH', 'MSH', 'MSH', 'MSH', 'MSH', 'MSH', 'MSH', 'MSH', 'MSH', 'MSH', 'MSH', 'MSH']
C3661443	['MSH', 'MSH', 'MSH', 'MSH', 'MSH']
C3661444	['MSH', 'MSH', 'MSH', 'MSH', 'MSH']
C3661749	['SNOMEDCT_US', 'SNOMEDCT_US']
C3661819	['MEDCIN', 'MEDCIN', 'MEDCIN', 'SNOMEDCT_US', 'SNOMEDCT_US']
C3661820	['MEDCIN', 'MEDCIN', 'MEDCIN', 'SNOMEDCT_US', 'SNOMEDCT_US']
C3661916	['SNOMEDCT_US', 'LNC', 'SNOMEDCT_US', 'MEDCIN', 'MEDCIN', 'MEDCIN']
C3697965	['SNOMEDCT_US', 'SNOMEDCT_US']
C3699642	['LNC', 'LNC', 'LNC']
C3710290	['HCPCS']
C3715181	['SNOMEDCT_US', 'MTH', 'HL7V3.0', 'SNOMEDCT_US']
C3715200	['SNOMEDCT_US', 'MTH', 'HL7V3.0', 'SNOMEDCT_US']
C3715202	['SNOMEDCT_US', 'MTH', 'HL7V3.0', 'SNOMEDCT_US', 'SNOMEDCT_US', 'SNOMEDCT_US']
C3715203	['SNOMEDCT_US', 'MTH', 'HL7V3.0', 'SNOMEDCT_US']
C3715205	['SNOMEDCT_US', 'MTH', 'HL7V3.0', 'SNOMEDCT_US']
C3810819	['SNOMEDCT_US', 'HL7V3.0', 'SNOMEDCT_US']
C3810820	['SNOMEDCT_US', 'MTH', 'HL7V3.0', 'SNOMEDCT_US']
C3810843	['SNOMEDCT_US', 'MTH', 'HL7V3.0', 'SNOMEDCT_US']
C3810844	['SNOMEDCT_US', 'MTH', 'HL7V3.0', 'SNOMEDCT_US']
C3810847	['SNOMEDCT_US', 'MTH', 'SNOMEDCT_US']
C3810855	['SNOMEDCT_US', 'MTH', 'HL7V3.0', 'SNOMEDCT_US']
C3810856	['SNOMEDCT_US', 'MTH', 'HL7V3.0', 'SNOMEDCT_US']
C3810868	['SNOMEDCT_US', 'MTH', 'HL7V3.0', 'SNOMEDCT_US']
C3810869	['SNOMEDCT_US', 'MTH', 'HL7V3.0', 'SNOMEDCT_US']
C3811912	['SNOMEDCT_US', 'MTH', 'HL7V3.0', 'SNOMEDCT_US']
C3811913	['SNOMEDCT_US', 'MTH', 'HL7V3.0', 'SNOMEDCT_US']
C3812390	['SNOMEDCT_US', 'MTH', 'HL7V3.0', 'SNOMEDCT_US']
C3812395	['SNOMEDCT_US', 'MTH', 'SNOMEDCT_US']
C3812871	['SNOMEDCT_US', 'MTH', 'HL7V3.0', 'SNOMEDCT_US']
C3814531	['SNOMEDCT_US', 'MTH', 'HL7V3.0', 'SNOMEDCT_US']
C3814532	['SNOMEDCT_US', 'MTH', 'HL7V3.0', 'SNOMEDCT_US']
C3815879	['SNOMEDCT_US', 'SNOMEDCT_US', 'MTH', 'HL7V3.0', 'SNOMEDCT_US']
C3816500	['SNOMEDCT_US', 'SNOMEDCT_US', 'MTH', 'HL7V3.0', 'SNOMEDCT_US']
C3816501	['SNOMEDCT_US', 'SNOMEDCT_US', 'MTH', 'HL7V3.0', 'SNOMEDCT_US']
C3816502	['SNOMEDCT_US', 'SNOMEDCT_US', 'MTH', 'HL7V3.0', 'SNOMEDCT_US']
C3816503	['SNOMEDCT_US', 'SNOMEDCT_US', 'MTH', 'HL7V3.0', 'SNOMEDCT_US']
C3816504	['SNOMEDCT_US', 'SNOMEDCT_US', 'MTH', 'HL7V3.0', 'SNOMEDCT_US']
C3816505	['SNOMEDCT_US', 'SNOMEDCT_US', 'MTH', 'HL7V3.0', 'SNOMEDCT_US']
C3824653	['LCH_NW']
C3824673	['LCH_NW']
C3824689	['LCH_NW']
C3824747	['LCH_NW']
C3824800	['LCH_NW']
C3824817	['LCH_NW']
C3824896	['LCH_NW']
C3825544	['LCH_NW']
C3825617	['LCH_NW']
C3825833	['LCH_NW']
C3825840	['LCH_NW']
C3826013	['LCH_NW']
C3826023	['LCH_NW']
C3826178	['LCH_NW']
C3826179	['LCH_NW']
C3826181	['LCH_NW']
C3826182	['LCH_NW']
C3826190	['LCH_NW']
C3826192	['LCH_NW']
C3826197	['LCH_NW']
C3826247	['LCH_NW']
C3826521	['LCH_NW']
C3826536	['LCH_NW']
C3826595	['LCH_NW']
C3826630	['LCH_NW']
C3828025	['NCI', 'NCI']
C3828806	['NCI']
C3833400	['LNC', 'MTH']
C3833703	['SNOMEDCT_US', 'MTH', 'HL7V3.0', 'SNOMEDCT_US']
C3834491	['SNOMEDCT_US', 'MTH', 'HL7V3.0', 'SNOMEDCT_US']
C3838685	['SNOMEDCT_US', 'MTH', 'SNOMEDCT_US']
C3838700	['SNOMEDCT_US', 'SNOMEDCT_US', 'SNOMEDCT_US']
C3838744	['SNOMEDCT_US', 'SNOMEDCT_US']
C3838745	['SNOMEDCT_US', 'SNOMEDCT_US']
C3838753	['SNOMEDCT_US', 'SNOMEDCT_US']
C3838757	['SNOMEDCT_US', 'SNOMEDCT_US']
C3838759	['SNOMEDCT_US', 'SNOMEDCT_US']
C3838770	['SNOMEDCT_US', 'SNOMEDCT_US']
C3838815	['SNOMEDCT_US', 'SNOMEDCT_US']
C3838840	['SNOMEDCT_US', 'SNOMEDCT_US']
C3838844	['SNOMEDCT_US', 'SNOMEDCT_US']
C3838887	['SNOMEDCT_US', 'SNOMEDCT_US']
C3838919	['SNOMEDCT_US', 'SNOMEDCT_US', 'SNOMEDCT_US']
C3838959	['SNOMEDCT_US', 'SNOMEDCT_US']
C3838977	['SNOMEDCT_US', 'SNOMEDCT_US']
C3838980	['SNOMEDCT_US', 'SNOMEDCT_US']
C3839004	['SNOMEDCT_US', 'SNOMEDCT_US']
C3839015	['SNOMEDCT_US', 'SNOMEDCT_US']
C3839033	['SNOMEDCT_US', 'SNOMEDCT_US']
C3839038	['SNOMEDCT_US', 'SNOMEDCT_US']
C3839043	['SNOMEDCT_US', 'SNOMEDCT_US']
C3839053	['SNOMEDCT_US', 'SNOMEDCT_US']
C3839056	['SNOMEDCT_US', 'SNOMEDCT_US']
C3839063	['SNOMEDCT_US', 'SNOMEDCT_US']
C3839078	['SNOMEDCT_US', 'SNOMEDCT_US']
C3839103	['SNOMEDCT_US', 'SNOMEDCT_US']
C3839137	['SNOMEDCT_US', 'SNOMEDCT_US', 'SNOMEDCT_US']
C3839141	['SNOMEDCT_US', 'SNOMEDCT_US']
C3839152	['SNOMEDCT_US', 'SNOMEDCT_US']
C3839219	['SNOMEDCT_US', 'SNOMEDCT_US']
C3839229	['SNOMEDCT_US', 'SNOMEDCT_US', 'SNOMEDCT_US']
C3839239	['SNOMEDCT_US', 'SNOMEDCT_US']
C3839267	['SNOMEDCT_US', 'SNOMEDCT_US']
C3839284	['SNOMEDCT_US', 'SNOMEDCT_US']
C3839291	['SNOMEDCT_US', 'SNOMEDCT_US', 'MTH', 'HL7V3.0', 'SNOMEDCT_US']
C3839295	['SNOMEDCT_US', 'SNOMEDCT_US']
C3839327	['SNOMEDCT_US', 'SNOMEDCT_US', 'SNOMEDCT_US']
C3839419	['SNOMEDCT_US', 'SNOMEDCT_US']
C3839436	['SNOMEDCT_US', 'SNOMEDCT_US']
C3839447	['SNOMEDCT_US', 'SNOMEDCT_US']
C3839501	['SNOMEDCT_US', 'SNOMEDCT_US']
C3839502	['SNOMEDCT_US', 'SNOMEDCT_US']
C3839529	['SNOMEDCT_US', 'SNOMEDCT_US']
C3839552	['SNOMEDCT_US', 'SNOMEDCT_US']
C3839594	['SNOMEDCT_US', 'SNOMEDCT_US']
C3839636	['SNOMEDCT_US', 'SNOMEDCT_US']
C3839650	['SNOMEDCT_US', 'SNOMEDCT_US']
C3839654	['SNOMEDCT_US', 'SNOMEDCT_US']
C3839674	['SNOMEDCT_US', 'SNOMEDCT_US', 'MTH', 'HL7V3.0', 'SNOMEDCT_US']
C3839701	['SNOMEDCT_US', 'SNOMEDCT_US', 'SNOMEDCT_US']
C3839717	['SNOMEDCT_US', 'SNOMEDCT_US']
C3839733	['SNOMEDCT_US', 'SNOMEDCT_US']
C3839738	['SNOMEDCT_US', 'SNOMEDCT_US']
C3839785	['SNOMEDCT_US', 'SNOMEDCT_US']
C3839840	['SNOMEDCT_US', 'SNOMEDCT_US']
C3839853	['SNOMEDCT_US', 'SNOMEDCT_US', 'SNOMEDCT_US']
C3839889	['SNOMEDCT_US', 'SNOMEDCT_US']
C3839912	['SNOMEDCT_US', 'SNOMEDCT_US']
C3839946	['SNOMEDCT_US', 'SNOMEDCT_US']
C3839985	['SNOMEDCT_US', 'SNOMEDCT_US', 'SNOMEDCT_US']
C3839994	['SNOMEDCT_US', 'SNOMEDCT_US']
C3840001	['SNOMEDCT_US', 'SNOMEDCT_US']
C3840006	['SNOMEDCT_US', 'SNOMEDCT_US']
C3840071	['SNOMEDCT_US', 'SNOMEDCT_US']
C3840111	['SNOMEDCT_US', 'SNOMEDCT_US']
C3840176	['SNOMEDCT_US', 'MTH', 'HL7V3.0', 'SNOMEDCT_US']
C3840184	['SNOMEDCT_US', 'SNOMEDCT_US']
C3840219	['SNOMEDCT_US', 'SNOMEDCT_US']
C3840226	['SNOMEDCT_US', 'SNOMEDCT_US']
C3840242	['SNOMEDCT_US', 'SNOMEDCT_US']
C3840245	['SNOMEDCT_US', 'SNOMEDCT_US', 'SNOMEDCT_US']
C3840262	['SNOMEDCT_US', 'SNOMEDCT_US']
C3840263	['SNOMEDCT_US', 'SNOMEDCT_US']
C3840734	['LNC']
C3840745	['LNC']
C3840746	['LNC', 'LNC']
C3840771	['LNC']
C3841395	['LNC']
C3841564	['LNC']
C3841565	['LNC']
C3841566	['LNC']
C3841596	['LNC']
C3841602	['LNC']
C3841771	['LNC']
C3841813	['LNC']
C3841814	['LNC']
C3844312	['LNC']
C3844338	['LNC']
C3844339	['LNC']
C3844340	['LNC']
C3844341	['LNC']
C3844554	['LNC']
C3844762	['LNC']
C3844763	['LNC']
C3844764	['LNC']
C3844780	['LNC']
C3845066	['LNC']
C3845067	['LNC']
C3845074	['LNC']
C3845094	['LNC']
C3845095	['LNC']
C3845096	['LNC']
C3845097	['LNC']
C3845098	['LNC']
C3845101	['LNC']
C3845562	['LNC']
C3845564	['LNC']
C3845566	['SNOMEDCT_US', 'LNC', 'SNOMEDCT_US']
C3845667	['LNC']
C3845668	['LNC']
C3845669	['LNC']
C3845869	['LNC']
C3845870	['LNC']
C3845871	['LNC']
C3845872	['LNC']
C3845873	['LNC']
C3846150	['LNC']
C3850013	['MSH', 'MSH', 'MSH']
C3854339	['SNOMEDCT_US', 'SNOMEDCT_US']
C3869730	['LNC', 'LNC', 'LNC']
C3869731	['LNC', 'LNC', 'LNC']
C3869735	['LNC', 'LNC', 'LNC']
C3872576	['SNOMEDCT_US', 'SNOMEDCT_US']
C3872585	['SNOMEDCT_US', 'SNOMEDCT_US']
C3872588	['SNOMEDCT_US', 'SNOMEDCT_US']
C3872601	['SNOMEDCT_US', 'SNOMEDCT_US']
C3872619	['SNOMEDCT_US', 'SNOMEDCT_US']
C3872622	['SNOMEDCT_US', 'SNOMEDCT_US']
C3872642	['SNOMEDCT_US', 'SNOMEDCT_US']
C3872651	['SNOMEDCT_US', 'SNOMEDCT_US']
C3872656	['SNOMEDCT_US', 'SNOMEDCT_US']
C3872657	['SNOMEDCT_US', 'SNOMEDCT_US']
C3872668	['SNOMEDCT_US', 'SNOMEDCT_US']
C3872670	['SNOMEDCT_US', 'SNOMEDCT_US']
C3872675	['SNOMEDCT_US', 'SNOMEDCT_US']
C3872683	['SNOMEDCT_US', 'SNOMEDCT_US']
C3872686	['SNOMEDCT_US', 'SNOMEDCT_US']
C3872687	['SNOMEDCT_US', 'SNOMEDCT_US']
C3872693	['SNOMEDCT_US', 'SNOMEDCT_US']
C3872700	['SNOMEDCT_US', 'SNOMEDCT_US', 'SNOMEDCT_US']
C3873244	['MTH']
C3873245	['SNOMEDCT_US', 'SNOMEDCT_US']
C3873250	['SNOMEDCT_US', 'SNOMEDCT_US']
C3873622	['SNOMEDCT_US', 'SNOMEDCT_US']
C3873625	['SNOMEDCT_US', 'SNOMEDCT_US']
C3873626	['SNOMEDCT_US', 'SNOMEDCT_US']
C3873627	['SNOMEDCT_US', 'SNOMEDCT_US']
C3887425	['SNOMEDCT_US', 'SNOMEDCT_US']
C3887431	['SNOMEDCT_US', 'SNOMEDCT_US']
C3887620	['SNOMEDCT_US', 'MTH', 'SNOMEDCT_US', 'HL7V3.0']
C3887621	['SNOMEDCT_US', 'MTH', 'SNOMEDCT_US']
C3887776	['MTH', 'LNC']
C3897081	['NCI', 'NCI_FDA']
C3897160	['NCI', 'NCI_FDA']
C3897480	['NCI_FDA', 'NCI']
C3897811	['NCI', 'NCI_FDA']
C4018873	['SNOMEDCT_US', 'MTH', 'SNOMEDCT_US']
C4019017	['SNOMEDCT_US', 'MTH', 'SNOMEDCT_US']
C4029893	['MEDCIN', 'MEDCIN']
C4029894	['MEDCIN', 'MEDCIN']
C4034203	['LNC', 'LNC', 'LNC']
C4034258	['LNC', 'LNC', 'LNC']
C4035111	['LNC', 'LNC', 'LNC', 'MTH', 'LNC', 'LNC']
C4035124	['LNC']
C4035125	['LNC']
C4035146	['LNC']
C4035171	['LNC']
C4035178	['LNC']
C4035179	['LNC']
C4035180	['LNC']
C4035181	['LNC']
C4035182	['LNC']
C4035183	['LNC']
C4035184	['LNC']
C4035185	['LNC']
C4035186	['LNC']
C4035187	['LNC']
C4035191	['LNC']
C4035192	['LNC']
C4035193	['LNC']
C4035194	['LNC']
C4035195	['LNC']
C4035196	['LNC']
C4035197	['LNC']
C4035198	['LNC']
C4035199	['LNC']
C4035200	['LNC']
C4035201	['LNC']
C4035202	['LNC']
C4035203	['LNC', 'CPT']
C4035204	['LNC']
C4035205	['LNC']
C4035206	['LNC']
C4035207	['LNC']
C4035208	['LNC']
C4035209	['LNC']
C4035210	['LNC']
C4035211	['LNC']
C4035212	['LNC']
C4035213	['LNC']
C4035214	['LNC']
C4035215	['LNC']
C4035216	['LNC']
C4035217	['LNC']
C4035218	['LNC']
C4035219	['LNC']
C4035220	['LNC']
C4035221	['LNC']
C4035222	['LNC']
C4035223	['LNC']
C4035224	['LNC']
C4035225	['LNC']
C4035226	['LNC']
C4035227	['LNC']
C4035228	['LNC']
C4035229	['LNC']
C4035230	['LNC']
C4035231	['LNC']
C4035232	['LNC']
C4035233	['LNC']
C4035234	['LNC']
C4035235	['LNC']
C4035236	['LNC']
C4035237	['LNC']
C4035238	['LNC']
C4035239	['LNC']
C4035240	['LNC']
C4035241	['LNC']
C4035242	['LNC']
C4035243	['LNC']
C4035244	['LNC']
C4035245	['LNC']
C4035246	['LNC']
C4035247	['LNC']
C4035248	['LNC']
C4035249	['LNC']
C4035250	['LNC']
C4035251	['LNC']
C4035252	['LNC']
C4035253	['LNC']
C4035254	['LNC']
C4035255	['LNC']
C4035256	['LNC']
C4035257	['LNC']
C4035258	['LNC']
C4035259	['LNC']
C4035260	['LNC']
C4035261	['LNC']
C4035262	['LNC']
C4035263	['LNC']
C4035264	['LNC']
C4035265	['LNC']
C4035266	['LNC']
C4035267	['LNC']
C4035268	['LNC']
C4035269	['LNC']
C4035270	['LNC']
C4035271	['LNC']
C4035272	['LNC']
C4035273	['LNC']
C4035274	['LNC']
C4035275	['LNC']
C4035276	['LNC']
C4035277	['LNC']
C4035278	['LNC']
C4035279	['LNC']
C4035280	['LNC']
C4035281	['LNC']
C4035282	['LNC']
C4035283	['LNC']
C4035284	['LNC']
C4035285	['LNC']
C4035286	['LNC']
C4035287	['LNC']
C4035288	['LNC']
C4035289	['LNC']
C4035290	['LNC']
C4035291	['LNC']
C4035292	['LNC']
C4035293	['LNC']
C4035294	['LNC']
C4035295	['LNC']
C4035296	['LNC']
C4035297	['LNC']
C4035298	['LNC']
C4035299	['LNC']
C4035300	['LNC']
C4035301	['LNC']
C4035302	['LNC']
C4035303	['LNC']
C4035304	['LNC']
C4035305	['LNC']
C4035306	['LNC']
C4035307	['LNC']
C4035308	['LNC']
C4035309	['LNC']
C4035310	['LNC']
C4035311	['LNC']
C4035312	['LNC']
C4035313	['LNC']
C4035314	['LNC']
C4035315	['LNC']
C4035316	['LNC']
C4035317	['LNC']
C4035318	['LNC']
C4035319	['LNC']
C4035320	['LNC']
C4035321	['LNC']
C4035322	['LNC']
C4035323	['LNC']
C4035324	['LNC']
C4035325	['LNC']
C4035326	['LNC']
C4035327	['LNC']
C4035328	['LNC']
C4035329	['LNC']
C4035330	['LNC']
C4035331	['LNC']
C4035332	['LNC']
C4035333	['LNC']
C4035334	['LNC']
C4035335	['LNC']
C4035336	['LNC']
C4035337	['LNC']
C4035338	['LNC']
C4035339	['LNC']
C4035340	['LNC']
C4035341	['LNC']
C4035342	['LNC']
C4035343	['LNC']
C4035344	['LNC']
C4035345	['LNC']
C4035580	['LNC']
C4035581	['LNC']
C4035582	['LNC']
C4035583	['LNC']
C4035584	['LNC']
C4035585	['LNC']
C4035586	['LNC']
C4035587	['LNC']
C4035588	['LNC']
C4035589	['LNC']
C4035590	['LNC']
C4035591	['LNC']
C4035592	['LNC']
C4035593	['LNC']
C4035594	['LNC']
C4035595	['LNC']
C4035596	['LNC']
C4035597	['LNC']
C4035598	['LNC']
C4035599	['LNC']
C4035600	['LNC']
C4035854	['LNC']
C4035855	['LNC']
C4035856	['LNC']
C4035857	['LNC']
C4035858	['LNC']
C4035859	['LNC']
C4035860	['LNC']
C4035861	['LNC']
C4035862	['LNC']
C4035865	['LNC']
C4035867	['LNC']
C4035868	['LNC', 'NCI', 'NCI_caDSR']
C4035871	['LNC', 'NCI', 'NCI_caDSR']
C4035927	['LNC']
C4035929	['LNC']
C4035930	['LNC']
C4035931	['LNC']
C4035932	['LNC']
C4035933	['LNC']
C4037969	['LNC', 'LNC', 'LNC']
C4038523	['MVX']
C4038524	['MVX']
C4038525	['MVX']
C4038526	['MVX']
C4038527	['MVX']
C4038528	['MVX']
C4038529	['MVX']
C4038530	['MVX']
C4038531	['MVX']
C4038532	['MVX']
C4038533	['MVX']
C4038534	['MVX']
C4038535	['MVX']
C4038536	['MVX']
C4038537	['MVX']
C4038538	['MVX']
C4038539	['MVX']
C4038540	['MVX']
C4038541	['MVX']
C4038542	['MVX']
C4038543	['MVX']
C4038544	['MVX']
C4038545	['MVX']
C4038546	['MVX']
C4038547	['MVX']
C4038999	['SNOMEDCT_US', 'SNOMEDCT_US']
C4041524	['SNOMEDCT_US', 'SNOMEDCT_US']
C4047590	['SNOMEDCT_US', 'SNOMEDCT_US']
C4047591	['SNOMEDCT_US', 'SNOMEDCT_US']
C4047632	['SNOMEDCT_US', 'SNOMEDCT_US']
C4047633	['SNOMEDCT_US', 'SNOMEDCT_US']
C4047659	['SNOMEDCT_US', 'SNOMEDCT_US']
C4047661	['MEDCIN', 'MEDCIN', 'MEDCIN', 'SNOMEDCT_US', 'SNOMEDCT_US', 'SNOMEDCT_US']
C4047890	['SNOMEDCT_US', 'SNOMEDCT_US']
C4047891	['SNOMEDCT_US', 'SNOMEDCT_US']
C4047892	['SNOMEDCT_US', 'SNOMEDCT_US']
C4053387	['UMD']
C4053388	['UMD']
C4068984	['LNC']
C4068985	['LNC']
C4069253	['LNC']
C4075525	['SNOMEDCT_US', 'SNOMEDCT_US']
C4075527	['SNOMEDCT_US', 'SNOMEDCT_US']
C4076632	['SNOMEDCT_US', 'SNOMEDCT_US']
C4085574	['MTH', 'NCI', 'NCI_CDISC']
C4085584	['MTH', 'SOP']
C4085632	['MTH', 'NCI', 'NCI_CDISC']
C4085938	['NCI', 'NCI_caDSR']
C4086552	['MTH', 'NCI', 'NCI_CDISC']
C4086621	['NCI_CDISC', 'NCI']
C4224059	['SOP']
C4224060	['SOP']
C4224061	['SOP']
C4224062	['SOP']
C4224063	['SOP']
C4224064	['SOP']
C4224066	['SOP', 'MTH']
C4224069	['SOP']
C4264595	['LNC']
C4264596	['LNC']
C4264597	['LNC']
C4264598	['LNC']
C4264599	['LNC']
C4264600	['LNC']
C4264601	['LNC']
C4264602	['LNC']
C4264603	['LNC']
C4277546	['MSH', 'MSH', 'MSH']
C4277670	['MSH', 'MSH', 'MSH', 'MSH', 'MSH', 'MSH', 'MSH', 'MSH']
C4280065	['MSH', 'MSH', 'MSH', 'MSH', 'MSH', 'MSH', 'MSH']
C4280182	['NUCCHCPT']
C4280183	['NUCCHCPT']
C4280184	['NUCCHCPT']
C4280185	['NUCCHCPT']
C4280186	['NUCCHCPT']
C4280187	['NUCCHCPT']
C4280188	['NUCCHCPT']
C4280189	['NUCCHCPT']
C4280190	['NUCCHCPT']
C4280191	['NUCCHCPT']
C4280192	['NUCCHCPT']
C4280193	['NUCCHCPT']
C4280194	['NUCCHCPT']
C4280195	['NUCCHCPT']
C4280196	['NUCCHCPT']
C4280197	['NUCCHCPT']
C4280198	['NUCCHCPT']
C4280199	['NUCCHCPT']
C4280200	['NUCCHCPT']
C4280201	['NUCCHCPT']
C4280202	['NUCCHCPT']
C4280203	['NUCCHCPT']
C4280204	['NUCCHCPT']
C4280205	['NUCCHCPT']
C4280206	['NUCCHCPT']
C4280207	['NUCCHCPT']
C4280208	['NUCCHCPT']
C4280209	['NUCCHCPT']
C4280247	['MVX']
C4280248	['MVX']
C4280249	['MVX']
C4284828	['MSH', 'MSH', 'MSH', 'LNC', 'LNC', 'LNC', 'MSH', 'MSH']
C4288851	['NCI', 'NCI_caDSR']
C4288863	['NCI', 'NCI_caDSR']
C4289273	['NCI', 'NCI_caDSR']
C4289827	['NCI', 'NCI_caDSR']
C4289913	['NCI_caDSR', 'NCI']
C4291925	['CPT']
C4291926	['CPT']
C4291927	['CPT']
C4291928	['CPT']
C4291931	['CPT']
C4291932	['CPT']
C4291933	['CPT']
C4291934	['CPT']
C4291935	['CPT']
C4291937	['CPT']
C4291938	['CPT']
C4291939	['LNC', 'CPT']
C4291940	['CPT']
C4291941	['CPT']
C4291942	['CPT']
C4291943	['CPT']
C4291944	['CPT']
C4291945	['CPT']
C4291946	['CPT']
C4292373	['CPT']
C4301924	['MVX']
C4302556	['SNOMEDCT_US', 'SNOMEDCT_US', 'SNOMEDCT_US', 'SNOMEDCT_US']
C4302589	['SNOMEDCT_US', 'SNOMEDCT_US']
C4302618	['SNOMEDCT_US', 'SNOMEDCT_US', 'SNOMEDCT_US']
C4302779	['SNOMEDCT_US', 'SNOMEDCT_US']
C4302780	['SNOMEDCT_US', 'SNOMEDCT_US']
C4302781	['SNOMEDCT_US', 'SNOMEDCT_US']
C4302782	['SNOMEDCT_US', 'SNOMEDCT_US']
C4302783	['SNOMEDCT_US', 'SNOMEDCT_US', 'MEDCIN', 'MEDCIN', 'MEDCIN']
C4318494	['MTH', 'LNC', 'LNC', 'LNC']
C4318495	['MTH', 'LNC']
C4329799	['NCI', 'NCI_caDSR']
C4330791	['NCI', 'NCI_caDSR', 'NCI', 'NCI']
C4331452	['NCI', 'NCI_caDSR', 'NCI']
C4480272	['MEDCIN', 'MEDCIN']
C4480273	['MEDCIN', 'MEDCIN']
C4480274	['MEDCIN', 'MEDCIN']
C4480275	['MEDCIN', 'MEDCIN']
C4480276	['MEDCIN', 'MEDCIN']
C4480277	['MEDCIN', 'MEDCIN']
C4482330	['LNC', 'LNC', 'LNC']
C4483086	['LNC', 'LNC', 'LNC', 'MTH']
C4489278	['LNC']
C4489279	['LNC']
C4489282	['LNC']
C4489283	['LNC']
C4489284	['LNC']
C4489285	['SNOMEDCT_US', 'LNC', 'SNOMEDCT_US']
C4505497	['MSH', 'MSH']
C4520325	['SNOMEDCT_US', 'SNOMEDCT_US', 'SNOMEDCT_US']
C4520469	['SNOMEDCT_US', 'SNOMEDCT_US']
C4520471	['SNOMEDCT_US', 'SNOMEDCT_US']
C4520473	['SNOMEDCT_US', 'SNOMEDCT_US']
C4520474	['SNOMEDCT_US', 'SNOMEDCT_US']
C4520475	['SNOMEDCT_US', 'SNOMEDCT_US']
C4520487	['SNOMEDCT_US', 'SNOMEDCT_US']
C4520677	['NIC', 'MTH', 'SOP']
C4522322	['MTH', 'SOP']
C4524272	['SOP']
C4524273	['SOP']
C4524274	['SOP']
C4524275	['SOP']
C4524276	['SOP']
C4524277	['SOP']
C4524278	['SOP']
C4524280	['SOP']
C4524526	['NCI', 'NCI_FDA']
C4524527	['NCI', 'NCI_FDA']
C4524528	['NCI_FDA', 'NCI']
C4524541	['NCI', 'MTH', 'NCI', 'NCI_FDA']
C4524542	['NCI', 'NCI_FDA']
C4524543	['NCI', 'NCI_FDA']
C4524544	['NCI', 'NCI_FDA']
C4524545	['NCI', 'NCI_FDA']
C4524546	['NCI', 'NCI_FDA']
C4524547	['NCI', 'NCI_FDA']
C4524548	['NCI_FDA', 'NCI']
C4524549	['NCI_FDA', 'NCI']
C4524558	['NCI', 'NCI_FDA']
C4524559	['NCI', 'NCI', 'NCI_FDA']
C4524560	['NCI', 'NCI_FDA']
C4524561	['NCI', 'NCI_FDA']
C4524562	['NCI', 'NCI_FDA']
C4524563	['NCI_FDA', 'NCI']
C4524567	['NCI', 'NCI_FDA']
C4524568	['NCI', 'NCI_FDA']
C4524851	['NCI', 'NCI_caDSR', 'NCI']
C4525401	['NCI', 'NCI_caDSR']
C4525402	['NCI', 'NCI_caDSR']
C4528650	['NCI', 'NCI_FDA']
C4534322	['LNC']
C4534323	['LNC']
C4534325	['LNC']
C4537703	['MEDCIN', 'MEDCIN']
C4537830	['MEDCIN', 'MEDCIN', 'MEDCIN']
C4542580	['HCPCS']
C4546455	['MVX']
C4546456	['MVX']
C4546457	['MVX']
C4546458	['MVX']
C4684595	['MSH', 'MSH', 'NCI', 'MSH', 'NCI_CDISC-GLOSS', 'MSH']
C4684837	['NCI', 'NCI', 'NCI_caDSR']
C4695777	['LNC', 'LNC', 'LNC']
C4697037	['LNC', 'LNC', 'LNC']
C4698123	['LNC']
C4699043	['LNC']
C4699044	['LNC']
C4699045	['LNC']
C4699046	['LNC']
C4699047	['LNC']
C4699048	['LNC']
C4699049	['LNC']
C4699050	['LNC']
C4699051	['LNC']
C4699052	['LNC']
C4699053	['LNC']
C4699217	['LNC']
C4699219	['LNC']
C4699294	['LNC']
C4699334	['LNC']
C4699412	['LNC']
C4699413	['LNC']
C4699821	['LNC']
C4700028	['LNC']
C4700397	['MEDCIN', 'MEDCIN', 'MEDCIN']
C4700398	['MEDCIN', 'MEDCIN', 'MEDCIN']
C4700399	['MEDCIN', 'MEDCIN', 'MEDCIN']
C4700400	['MEDCIN', 'MEDCIN', 'MEDCIN']
C4700401	['MEDCIN', 'MEDCIN', 'MEDCIN']
C4700402	['MEDCIN', 'MEDCIN', 'MEDCIN']
C4700403	['MEDCIN', 'MEDCIN', 'MEDCIN']
C4700404	['MEDCIN', 'MEDCIN', 'MEDCIN']
C4700405	['MEDCIN', 'MEDCIN', 'MEDCIN']
C4700406	['MEDCIN', 'MEDCIN', 'MEDCIN']
C4700407	['MEDCIN', 'MEDCIN', 'MEDCIN']
C4700411	['MEDCIN', 'MEDCIN', 'MEDCIN']
C4700412	['MEDCIN', 'MEDCIN', 'MEDCIN']
C4700414	['MEDCIN', 'MEDCIN', 'MEDCIN']
C4700415	['MEDCIN', 'MEDCIN', 'MEDCIN']
C4700416	['MEDCIN', 'MEDCIN', 'MEDCIN']
C4700417	['MEDCIN', 'MEDCIN', 'MEDCIN']
C4700418	['MEDCIN', 'MEDCIN', 'MEDCIN']
C4700419	['MEDCIN', 'MEDCIN', 'MEDCIN']
C4700420	['MEDCIN', 'MEDCIN', 'MEDCIN']
C4700421	['MEDCIN', 'MEDCIN', 'MEDCIN']
C4700422	['MEDCIN', 'MEDCIN', 'MEDCIN']
C4700423	['MEDCIN', 'MEDCIN', 'MEDCIN']
C4700424	['MEDCIN', 'MEDCIN', 'MEDCIN']
C4700425	['MEDCIN', 'MEDCIN', 'MEDCIN']
C4700426	['MEDCIN', 'MEDCIN', 'MEDCIN']
C4700427	['MEDCIN', 'MEDCIN', 'MEDCIN']
C4700429	['MEDCIN', 'MEDCIN', 'MEDCIN']
C4700430	['MEDCIN', 'MEDCIN', 'MEDCIN']
C4700433	['MEDCIN', 'MEDCIN', 'MEDCIN']
C4700434	['MEDCIN', 'MEDCIN', 'MEDCIN']
C4700435	['MEDCIN', 'MEDCIN', 'MEDCIN']
C4700436	['MEDCIN', 'MEDCIN', 'MEDCIN']
C4700437	['MEDCIN', 'MEDCIN', 'MEDCIN']
C4700439	['MEDCIN', 'MEDCIN', 'MEDCIN']
C4700440	['MEDCIN', 'MEDCIN', 'MEDCIN']
C4700442	['MEDCIN', 'MEDCIN', 'MEDCIN']
C4700443	['MEDCIN', 'MEDCIN', 'MEDCIN']
C4704686	['MSH', 'MSH', 'MSH', 'MSH']
C4722115	['MTH', 'NCI', 'NCI_CDISC']
C4722132	['MTH', 'NCI', 'NCI_CDISC']
C4722399	['MTH', 'NCI', 'NCI_CDISC']
C4722412	['MTH', 'NCI', 'NCI_CDISC']
C4722627	['MTH', 'NCI', 'NCI_CDISC']
C4723826	['MTH', 'NCI', 'NCI_CDISC']
C4724577	['LNC', 'LNC', 'LNC', 'MTH']
C4725957	['NCI', 'NCI', 'NCI_caDSR']
C4727086	['NCI', 'NCI', 'NCI_caDSR']
C4727113	['NCI', 'NCI', 'NCI_caDSR']
C4727407	['NCI', 'NCI_caDSR']
C4744965	['NCI', 'NCI_CDISC-GLOSS']
C4760630	['MSH', 'MSH', 'MSH', 'MSH', 'MSH', 'MTH', 'MSH', 'MSH']
C4761324	['MTH', 'NCI', 'NCI_caDSR', 'NCI']
C4763567	['NCI', 'NCI', 'NCI_caDSR']
C4763568	['NCI', 'NCI', 'NCI_caDSR']
C4763569	['NCI', 'NCI_caDSR', 'NCI']
C4763630	['NCI', 'NCI_caDSR', 'NCI_caDSR']
C4763632	['NCI', 'NCI_caDSR']
C4763634	['NCI', 'NCI', 'NCI_caDSR']
C4764268	['NCI', 'NCI', 'NCI_caDSR', 'NCI']
C5141507	['LNC', 'LNC', 'LNC']
C5142892	['LNC']
C5187146	['LNC', 'LNC']
C5191291	['SNOMEDCT_US', 'SNOMEDCT_US']
C5191292	['SNOMEDCT_US', 'SNOMEDCT_US']
C5191294	['SNOMEDCT_US', 'SNOMEDCT_US', 'SNOMEDCT_US']
C5191295	['SNOMEDCT_US', 'SNOMEDCT_US']
C5191296	['SNOMEDCT_US', 'SNOMEDCT_US']
C5191299	['SNOMEDCT_US', 'SNOMEDCT_US']
C5191301	['SNOMEDCT_US', 'SNOMEDCT_US']
C5191302	['SNOMEDCT_US', 'SNOMEDCT_US']
C5191303	['SNOMEDCT_US', 'SNOMEDCT_US', 'SNOMEDCT_US']
C5191304	['SNOMEDCT_US', 'SNOMEDCT_US', 'SNOMEDCT_US']
C5197923	['MSH', 'MSH', 'MSH', 'MSH']
C5200851	['MVX']
C5200852	['MVX']
C5203665	['SNOMEDCT_US', 'MTH', 'SNOMEDCT_US']
C5203666	['SNOMEDCT_US', 'MTH', 'SNOMEDCT_US']
C5203667	['SNOMEDCT_US', 'MTH', 'SNOMEDCT_US']
C5214442	['LNC']
C5214445	['LNC']
C5214446	['LNC']
C5214447	['LNC']
C5214448	['LNC']
C5214449	['LNC']
C5216344	['LNC']
C5216345	['LNC']
C5216346	['LNC']
C5216347	['LNC']
C5216348	['LNC']
C5216349	['LNC']
C5216350	['LNC']
C5216351	['LNC']
C5216352	['LNC']
C5216355	['LNC']
C5216359	['LNC']
C5220968	['LNC']
C5224013	['MEDCIN', 'MEDCIN', 'MEDCIN']
C5224014	['MEDCIN', 'MEDCIN', 'MEDCIN']
C5229377	['SNOMEDCT_US', 'SNOMEDCT_US']
C5229378	['SNOMEDCT_US', 'SNOMEDCT_US']
C5229379	['SNOMEDCT_US', 'SNOMEDCT_US']
C5229471	['SNOMEDCT_US', 'SNOMEDCT_US']
C5229472	['SNOMEDCT_US', 'SNOMEDCT_US']
C5229473	['SNOMEDCT_US', 'SNOMEDCT_US']
C5229474	['SNOMEDCT_US', 'SNOMEDCT_US']
C5229475	['SNOMEDCT_US', 'SNOMEDCT_US']
C5229476	['SNOMEDCT_US', 'SNOMEDCT_US']
C5229477	['SNOMEDCT_US', 'SNOMEDCT_US']
C5229979	['SNOMEDCT_US', 'SNOMEDCT_US', 'SNOMEDCT_US']
C5229980	['SNOMEDCT_US', 'SNOMEDCT_US']
C5229981	['SNOMEDCT_US', 'SNOMEDCT_US']
C5229982	['SNOMEDCT_US', 'SNOMEDCT_US']
C5230689	['SNOMEDCT_US', 'SNOMEDCT_US', 'SNOMEDCT_US', 'SNOMEDCT_US', 'SNOMEDCT_US']
C5230763	['SNOMEDCT_US', 'SNOMEDCT_US']
C5230764	['SNOMEDCT_US', 'SNOMEDCT_US']
C5236015	['NCI', 'NCI_caDSR']
C5236160	['NCI', 'NCI_ICDC', 'NCI_ICDC']
C5236995	['NCI', 'NCI_caDSR', 'NCI', 'NCI']
C5238433	['NCI']
C5239202	['NCI_PCDC', 'NCI', 'NCI']
C5239203	['NCI', 'NCI', 'NCI_PCDC']
C5239204	['NCI_PCDC', 'NCI']
C5239205	['NCI_PCDC', 'NCI']
C5239206	['MTH', 'NCI', 'LNC', 'LNC', 'NCI_PCDC']
C5239207	['NCI_PCDC', 'NCI']
C5239208	['NCI', 'NCI_PCDC']
C5239589	['NCI', 'NCI_PCDC']
C5240560	['LNC', 'LNC', 'LNC', 'MTH']
C5392123	['MSH', 'MSH', 'MSH', 'MSH', 'MSH', 'MSH', 'MSH', 'MSH', 'MSH', 'MSH', 'MSH', 'MSH']
C5395254	['SNOMEDCT_US', 'SNOMEDCT_US', 'SNOMEDCT_US']
C5395445	['SNOMEDCT_US', 'SNOMEDCT_US']
C5395569	['SNOMEDCT_US', 'SNOMEDCT_US']
C5395570	['SNOMEDCT_US', 'SNOMEDCT_US']
C5395571	['SNOMEDCT_US', 'SNOMEDCT_US']
C5395572	['SNOMEDCT_US', 'SNOMEDCT_US', 'SNOMEDCT_US']
C5395573	['SNOMEDCT_US', 'SNOMEDCT_US']
C5395574	['SNOMEDCT_US', 'SNOMEDCT_US']
C5395630	['SNOMEDCT_US', 'SNOMEDCT_US']
C5395631	['SNOMEDCT_US', 'SNOMEDCT_US']
C5395632	['SNOMEDCT_US', 'SNOMEDCT_US', 'SNOMEDCT_US']
C5399740	['MVX']
C5400794	['NCI_caDSR', 'MTH', 'NCI', 'NCI']
C5416728	['CPT']
C5418894	['NCI', 'NCI_caDSR', 'NCI']
C5420083	['NCI', 'NCI', 'NCI', 'NCI_caDSR']
C5420268	['NCI', 'NCI_caDSR', 'NCI']
C5420325	['NCI', 'NCI_caDSR', 'NCI']
C5420356	['NCI', 'NCI', 'NCI_caDSR']
C5427592	['SOP']
C5431833	['MEDCIN', 'MEDCIN', 'MEDCIN']
C5440877	['MVX']
C5440878	['MVX', 'NCI', 'NCI_caDSR']
C5440892	['SNOMEDCT_US', 'SNOMEDCT_US']
C5446604	['NCI', 'NCI_caDSR']
C5446605	['NCI', 'NCI_caDSR']
C5446608	['NCI', 'NCI_caDSR', 'NCI']
C5447593	['NCI', 'NCI_caDSR']
C5447763	['NCI', 'NCI_caDSR']
C5447931	['SNOMEDCT_US', 'NCI', 'SNOMEDCT_US', 'NCI_caDSR']
C5447932	['NCI', 'NCI']
C5447933	['NCI', 'NCI', 'NCI_caDSR', 'NCI', 'NCI']
C5452730	['LNC']
C5452850	['LNC']
C5452851	['LNC']
C5452852	['LNC']
C5452853	['LNC']
C5452854	['LNC']
C5452855	['LNC']
C5452856	['LNC']
C5452857	['LNC']
C5452858	['LNC']
C5452859	['LNC']
C5452860	['LNC']
C5452861	['LNC']
C5452862	['LNC']
C5452863	['LNC']
C5452864	['LNC']
C5452865	['LNC']
C5452866	['LNC']
C5452867	['LNC']
C5452868	['LNC']
C5452869	['LNC']
C5452870	['LNC']
C5453199	['LNC']
C5453884	['LNC', 'LNC']
C5545727	['SNOMEDCT_US', 'SNOMEDCT_US']
C5546621	['SNOMEDCT_US', 'SNOMEDCT_US']
C5548388	['SNOMEDCT_US', 'SNOMEDCT_US']
C5548389	['SNOMEDCT_US', 'SNOMEDCT_US']
C5548392	['SNOMEDCT_US', 'SNOMEDCT_US']
C5548393	['SNOMEDCT_US', 'SNOMEDCT_US']
C5549981	['SNOMEDCT_US', 'SNOMEDCT_US']
C5550895	['MVX']
C5550896	['MVX']
C5550897	['MVX']
C5550898	['MVX']
